--------------------------------------------------------
--  File created - Thursday-August-29-2019   
--------------------------------------------------------
--------------------------------------------------------
--  DDL for Table CITY
--------------------------------------------------------

  CREATE TABLE "UHF"."CITY" 
   (	"ID" NUMBER(3,0), 
	"TITLE" VARCHAR2(20 BYTE), 
	"CODE" VARCHAR2(20 BYTE), 
	"STATUS" NUMBER(1,0), 
	"CREATED_AT" DATE, 
	"UPDATED_AT" DATE
   ) SEGMENT CREATION IMMEDIATE 
  PCTFREE 10 PCTUSED 40 INITRANS 1 MAXTRANS 255 
 NOCOMPRESS NOLOGGING
  STORAGE(INITIAL 65536 NEXT 1048576 MINEXTENTS 1 MAXEXTENTS 2147483645
  PCTINCREASE 0 FREELISTS 1 FREELIST GROUPS 1
  BUFFER_POOL DEFAULT FLASH_CACHE DEFAULT CELL_FLASH_CACHE DEFAULT)
  TABLESPACE "EXAMPLE" ;
--------------------------------------------------------
--  DDL for Table ACCESSORIES
--------------------------------------------------------

  CREATE TABLE "UHF"."ACCESSORIES" 
   (	"ID" NUMBER(3,0), 
	"TITLE" VARCHAR2(50 BYTE), 
	"DESCRIPTION" VARCHAR2(250 BYTE), 
	"STATUS" NUMBER(*,0), 
	"CREATED_AT" DATE, 
	"UPDATED_AT" DATE, 
	"CHARGES" NUMBER(5,0)
   ) SEGMENT CREATION IMMEDIATE 
  PCTFREE 10 PCTUSED 40 INITRANS 1 MAXTRANS 255 
 NOCOMPRESS NOLOGGING
  STORAGE(INITIAL 65536 NEXT 1048576 MINEXTENTS 1 MAXEXTENTS 2147483645
  PCTINCREASE 0 FREELISTS 1 FREELIST GROUPS 1
  BUFFER_POOL DEFAULT FLASH_CACHE DEFAULT CELL_FLASH_CACHE DEFAULT)
  TABLESPACE "EXAMPLE" ;
--------------------------------------------------------
--  DDL for Table COLOR
--------------------------------------------------------

  CREATE TABLE "UHF"."COLOR" 
   (	"ID" NUMBER(3,0), 
	"TITLE" VARCHAR2(50 BYTE), 
	"DESCRIPTION" VARCHAR2(250 BYTE), 
	"STATUS" NUMBER(1,0), 
	"CREATED_AT" DATE, 
	"UPDATED_AT" DATE
   ) SEGMENT CREATION IMMEDIATE 
  PCTFREE 10 PCTUSED 40 INITRANS 1 MAXTRANS 255 
 NOCOMPRESS NOLOGGING
  STORAGE(INITIAL 65536 NEXT 1048576 MINEXTENTS 1 MAXEXTENTS 2147483645
  PCTINCREASE 0 FREELISTS 1 FREELIST GROUPS 1
  BUFFER_POOL DEFAULT FLASH_CACHE DEFAULT CELL_FLASH_CACHE DEFAULT)
  TABLESPACE "EXAMPLE" ;
--------------------------------------------------------
--  DDL for Table CUSTOMER_DETAILS
--------------------------------------------------------

  CREATE TABLE "UHF"."CUSTOMER_DETAILS" 
   (	"ID" NUMBER(20,0), 
	"NAME" VARCHAR2(250 BYTE), 
	"CONTACT" VARCHAR2(20 BYTE), 
	"CITY_ID" NUMBER(3,0), 
	"ADDRESS" VARCHAR2(250 BYTE), 
	"NIC" VARCHAR2(25 BYTE), 
	"STATUS" NUMBER(1,0), 
	"CREATED_AT" DATE, 
	"UPDATED_AT" DATE, 
	"DEALER_ID" NUMBER(20,0)
   ) SEGMENT CREATION IMMEDIATE 
  PCTFREE 10 PCTUSED 40 INITRANS 1 MAXTRANS 255 
 NOCOMPRESS NOLOGGING
  STORAGE(INITIAL 65536 NEXT 1048576 MINEXTENTS 1 MAXEXTENTS 2147483645
  PCTINCREASE 0 FREELISTS 1 FREELIST GROUPS 1
  BUFFER_POOL DEFAULT FLASH_CACHE DEFAULT CELL_FLASH_CACHE DEFAULT)
  TABLESPACE "EXAMPLE" ;
--------------------------------------------------------
--  DDL for Table CUSTOMER_VEHICLES
--------------------------------------------------------

  CREATE TABLE "UHF"."CUSTOMER_VEHICLES" 
   (	"ID" NUMBER(20,0), 
	"CUSTOMER_ID" NUMBER(20,0), 
	"MODEL_ID" NUMBER(20,0), 
	"COLOR_ID" NUMBER(20,0), 
	"CHASSIS_NO" VARCHAR2(20 BYTE), 
	"REGISTRATION_NO" VARCHAR2(20 BYTE), 
	"ENGINE_NO" VARCHAR2(20 BYTE), 
	"PURCHASE_DATE" DATE, 
	"STATUS" NUMBER(1,0), 
	"CREATED_AT" TIMESTAMP (6), 
	"UPDATED_AT" TIMESTAMP (6)
   ) SEGMENT CREATION IMMEDIATE 
  PCTFREE 10 PCTUSED 40 INITRANS 1 MAXTRANS 255 
 NOCOMPRESS NOLOGGING
  STORAGE(INITIAL 65536 NEXT 1048576 MINEXTENTS 1 MAXEXTENTS 2147483645
  PCTINCREASE 0 FREELISTS 1 FREELIST GROUPS 1
  BUFFER_POOL DEFAULT FLASH_CACHE DEFAULT CELL_FLASH_CACHE DEFAULT)
  TABLESPACE "EXAMPLE" ;
--------------------------------------------------------
--  DDL for Table DEALER_DETAILS
--------------------------------------------------------

  CREATE TABLE "UHF"."DEALER_DETAILS" 
   (	"ID" NUMBER(20,0), 
	"USER_ID" NUMBER(20,0), 
	"NAME" VARCHAR2(20 BYTE), 
	"REGION_ID" NUMBER(20,0), 
	"TERRITORY_ID" NUMBER(20,0), 
	"DEALERSHIP_GROUP_ID" NUMBER(20,0), 
	"ADDRESS" VARCHAR2(255 BYTE), 
	"PHONE" VARCHAR2(20 BYTE), 
	"MOBILE" VARCHAR2(20 BYTE), 
	"COMMENCEMENT_DATE" DATE, 
	"O_NAME" VARCHAR2(20 BYTE), 
	"O_FATHER" VARCHAR2(20 BYTE), 
	"O_AGE" VARCHAR2(5 BYTE), 
	"WORKSHOP_OWNER" VARCHAR2(10 BYTE), 
	"O_NIC" VARCHAR2(20 BYTE), 
	"O_MOBILE" VARCHAR2(20 BYTE), 
	"O_NXT_KIN" VARCHAR2(20 BYTE), 
	"O_NTN" VARCHAR2(20 BYTE), 
	"O_BANK" VARCHAR2(20 BYTE), 
	"O_BRANCH" VARCHAR2(20 BYTE), 
	"O_ACCNO" VARCHAR2(20 BYTE), 
	"MON_SER_IN" VARCHAR2(255 BYTE), 
	"IN_PART_INVEST" VARCHAR2(255 BYTE), 
	"MON_COM_PART" VARCHAR2(255 BYTE), 
	"CITY_ID" NUMBER(20,0), 
	"WORKSHOP_LENGTH" NUMBER(20,0), 
	"WORKSHOP_BREADTH" NUMBER(20,0), 
	"LIFTS" NUMBER(20,0), 
	"PITS" NUMBER(20,0), 
	"SAP_CODE" VARCHAR2(255 BYTE), 
	"CATEGORY_TYPE" VARCHAR2(2 BYTE), 
	"SIGN_LENGTH" NUMBER(20,0), 
	"SIGN_BREADTH" NUMBER(20,0), 
	"CREATED_AT" TIMESTAMP (6), 
	"UPDATED_AT" TIMESTAMP (6)
   ) SEGMENT CREATION IMMEDIATE 
  PCTFREE 10 PCTUSED 40 INITRANS 1 MAXTRANS 255 
 NOCOMPRESS NOLOGGING
  STORAGE(INITIAL 65536 NEXT 1048576 MINEXTENTS 1 MAXEXTENTS 2147483645
  PCTINCREASE 0 FREELISTS 1 FREELIST GROUPS 1
  BUFFER_POOL DEFAULT FLASH_CACHE DEFAULT CELL_FLASH_CACHE DEFAULT)
  TABLESPACE "EXAMPLE" ;
--------------------------------------------------------
--  DDL for Table DEALER_DEVICES
--------------------------------------------------------

  CREATE TABLE "UHF"."DEALER_DEVICES" 
   (	"ID" NUMBER(20,0), 
	"DEALER_ID" NUMBER(20,0), 
	"DEVICES_ID" NUMBER(20,0), 
	"CREATED_AT" TIMESTAMP (6)
   ) SEGMENT CREATION IMMEDIATE 
  PCTFREE 10 PCTUSED 40 INITRANS 1 MAXTRANS 255 
 NOCOMPRESS NOLOGGING
  STORAGE(INITIAL 65536 NEXT 1048576 MINEXTENTS 1 MAXEXTENTS 2147483645
  PCTINCREASE 0 FREELISTS 1 FREELIST GROUPS 1
  BUFFER_POOL DEFAULT FLASH_CACHE DEFAULT CELL_FLASH_CACHE DEFAULT)
  TABLESPACE "EXAMPLE" ;
--------------------------------------------------------
--  DDL for Table DEALER_MISC
--------------------------------------------------------

  CREATE TABLE "UHF"."DEALER_MISC" 
   (	"ID" NUMBER(20,0), 
	"DEALER_ID" NUMBER(20,0), 
	"MISC_ID" NUMBER(20,0), 
	"CREATED_AT" TIMESTAMP (6)
   ) SEGMENT CREATION IMMEDIATE 
  PCTFREE 10 PCTUSED 40 INITRANS 1 MAXTRANS 255 
 NOCOMPRESS NOLOGGING
  STORAGE(INITIAL 65536 NEXT 1048576 MINEXTENTS 1 MAXEXTENTS 2147483645
  PCTINCREASE 0 FREELISTS 1 FREELIST GROUPS 1
  BUFFER_POOL DEFAULT FLASH_CACHE DEFAULT CELL_FLASH_CACHE DEFAULT)
  TABLESPACE "EXAMPLE" ;
--------------------------------------------------------
--  DDL for Table DEALER_SPECIAL
--------------------------------------------------------

  CREATE TABLE "UHF"."DEALER_SPECIAL" 
   (	"ID" NUMBER(20,0), 
	"DEALER_ID" NUMBER(20,0), 
	"SPECIAL_ID" NUMBER(20,0), 
	"CREATED_AT" TIMESTAMP (6)
   ) SEGMENT CREATION IMMEDIATE 
  PCTFREE 10 PCTUSED 40 INITRANS 1 MAXTRANS 255 
 NOCOMPRESS NOLOGGING
  STORAGE(INITIAL 65536 NEXT 1048576 MINEXTENTS 1 MAXEXTENTS 2147483645
  PCTINCREASE 0 FREELISTS 1 FREELIST GROUPS 1
  BUFFER_POOL DEFAULT FLASH_CACHE DEFAULT CELL_FLASH_CACHE DEFAULT)
  TABLESPACE "EXAMPLE" ;
--------------------------------------------------------
--  DDL for Table DEALER_WORKSHOP
--------------------------------------------------------

  CREATE TABLE "UHF"."DEALER_WORKSHOP" 
   (	"ID" NUMBER(20,0), 
	"DEALER_ID" NUMBER(20,0), 
	"WORKSHOP_ID" NUMBER(20,0), 
	"CREATED_AT" TIMESTAMP (6)
   ) SEGMENT CREATION IMMEDIATE 
  PCTFREE 10 PCTUSED 40 INITRANS 1 MAXTRANS 255 
 NOCOMPRESS NOLOGGING
  STORAGE(INITIAL 65536 NEXT 1048576 MINEXTENTS 1 MAXEXTENTS 2147483645
  PCTINCREASE 0 FREELISTS 1 FREELIST GROUPS 1
  BUFFER_POOL DEFAULT FLASH_CACHE DEFAULT CELL_FLASH_CACHE DEFAULT)
  TABLESPACE "EXAMPLE" ;
--------------------------------------------------------
--  DDL for Table DEALERSHIP_GROUP
--------------------------------------------------------

  CREATE TABLE "UHF"."DEALERSHIP_GROUP" 
   (	"ID" NUMBER(3,0), 
	"TITLE" VARCHAR2(20 BYTE), 
	"DESCRIPTION" VARCHAR2(250 BYTE), 
	"STATUS" NUMBER(1,0), 
	"CREATED_AT" DATE, 
	"UPDATED_AT" DATE
   ) SEGMENT CREATION IMMEDIATE 
  PCTFREE 10 PCTUSED 40 INITRANS 1 MAXTRANS 255 
 NOCOMPRESS NOLOGGING
  STORAGE(INITIAL 65536 NEXT 1048576 MINEXTENTS 1 MAXEXTENTS 2147483645
  PCTINCREASE 0 FREELISTS 1 FREELIST GROUPS 1
  BUFFER_POOL DEFAULT FLASH_CACHE DEFAULT CELL_FLASH_CACHE DEFAULT)
  TABLESPACE "EXAMPLE" ;
--------------------------------------------------------
--  DDL for Table DEVICES
--------------------------------------------------------

  CREATE TABLE "UHF"."DEVICES" 
   (	"TITLE" VARCHAR2(50 BYTE), 
	"DESCRIPTION" VARCHAR2(250 BYTE), 
	"STATUS" NUMBER(1,0), 
	"CREATED_AT" DATE, 
	"UPDATED_AT" DATE, 
	"ID" NUMBER(20,0)
   ) SEGMENT CREATION IMMEDIATE 
  PCTFREE 10 PCTUSED 40 INITRANS 1 MAXTRANS 255 
 NOCOMPRESS NOLOGGING
  STORAGE(INITIAL 65536 NEXT 1048576 MINEXTENTS 1 MAXEXTENTS 2147483645
  PCTINCREASE 0 FREELISTS 1 FREELIST GROUPS 1
  BUFFER_POOL DEFAULT FLASH_CACHE DEFAULT CELL_FLASH_CACHE DEFAULT)
  TABLESPACE "EXAMPLE" ;
--------------------------------------------------------
--  DDL for Table EDUCATION
--------------------------------------------------------

  CREATE TABLE "UHF"."EDUCATION" 
   (	"ID" NUMBER(3,0), 
	"TITLE" VARCHAR2(50 BYTE), 
	"STATUS" NUMBER(1,0), 
	"CREATED_AT" DATE, 
	"UPDATED_AT" DATE
   ) SEGMENT CREATION IMMEDIATE 
  PCTFREE 10 PCTUSED 40 INITRANS 1 MAXTRANS 255 
 NOCOMPRESS NOLOGGING
  STORAGE(INITIAL 65536 NEXT 1048576 MINEXTENTS 1 MAXEXTENTS 2147483645
  PCTINCREASE 0 FREELISTS 1 FREELIST GROUPS 1
  BUFFER_POOL DEFAULT FLASH_CACHE DEFAULT CELL_FLASH_CACHE DEFAULT)
  TABLESPACE "EXAMPLE" ;
--------------------------------------------------------
--  DDL for Table JOB_ACCESSORIES
--------------------------------------------------------

  CREATE TABLE "UHF"."JOB_ACCESSORIES" 
   (	"ID" NUMBER(3,0), 
	"JOB_ID" NUMBER(3,0), 
	"ACCESSORIES_NAME" VARCHAR2(50 BYTE), 
	"ACCESSORIES_CHARGES" NUMBER(5,0), 
	"CREATED_AT" DATE, 
	"ACCESSORIES_ID" NUMBER(20,0)
   ) SEGMENT CREATION IMMEDIATE 
  PCTFREE 10 PCTUSED 40 INITRANS 1 MAXTRANS 255 
 NOCOMPRESS NOLOGGING
  STORAGE(INITIAL 65536 NEXT 1048576 MINEXTENTS 1 MAXEXTENTS 2147483645
  PCTINCREASE 0 FREELISTS 1 FREELIST GROUPS 1
  BUFFER_POOL DEFAULT FLASH_CACHE DEFAULT CELL_FLASH_CACHE DEFAULT)
  TABLESPACE "EXAMPLE" ;
--------------------------------------------------------
--  DDL for Table JOB_CARD
--------------------------------------------------------

  CREATE TABLE "UHF"."JOB_CARD" 
   (	"ID" NUMBER(20,0), 
	"KM_READING" VARCHAR2(20 BYTE), 
	"OPENING_DATE" DATE, 
	"STATUS" NUMBER(2,0), 
	"CREATED_AT" DATE, 
	"UPDATED_AT" DATE, 
	"TOTAL" NUMBER(20,0), 
	"DISCOUNT" NUMBER(20,0), 
	"VISIT_TYPE_ID" NUMBER(20,0), 
	"REF_NUMBER" NUMBER(10,0), 
	"CUSTOMER_ID" NUMBER(20,0), 
	"DEALER_ID" NUMBER(20,0), 
	"JOB_STATUS" VARCHAR2(20 BYTE), 
	"PAYMENT_STATUS" VARCHAR2(20 BYTE), 
	"CUSTOMER_VEHICLE_ID" NUMBER(20,0), 
	"TOTAL_SERVICES" NUMBER(20,0), 
	"TOTAL_ACCESSORIES" NUMBER(20,0), 
	"NEXT_VISIT_DATE" DATE
   ) SEGMENT CREATION IMMEDIATE 
  PCTFREE 10 PCTUSED 40 INITRANS 1 MAXTRANS 255 
 NOCOMPRESS NOLOGGING
  STORAGE(INITIAL 65536 NEXT 1048576 MINEXTENTS 1 MAXEXTENTS 2147483645
  PCTINCREASE 0 FREELISTS 1 FREELIST GROUPS 1
  BUFFER_POOL DEFAULT FLASH_CACHE DEFAULT CELL_FLASH_CACHE DEFAULT)
  TABLESPACE "EXAMPLE" ;
--------------------------------------------------------
--  DDL for Table JOB_SERVICES
--------------------------------------------------------

  CREATE TABLE "UHF"."JOB_SERVICES" 
   (	"ID" NUMBER(3,0), 
	"JOB_ID" NUMBER(3,0), 
	"SERVICE_NAME" VARCHAR2(50 BYTE), 
	"SERVICE_CHARGES" NUMBER(5,0), 
	"CREATED_AT" DATE, 
	"SERVICE_ID" NUMBER(20,0)
   ) SEGMENT CREATION IMMEDIATE 
  PCTFREE 10 PCTUSED 40 INITRANS 1 MAXTRANS 255 
 NOCOMPRESS NOLOGGING
  STORAGE(INITIAL 65536 NEXT 1048576 MINEXTENTS 1 MAXEXTENTS 2147483645
  PCTINCREASE 0 FREELISTS 1 FREELIST GROUPS 1
  BUFFER_POOL DEFAULT FLASH_CACHE DEFAULT CELL_FLASH_CACHE DEFAULT)
  TABLESPACE "EXAMPLE" ;
--------------------------------------------------------
--  DDL for Table JOB_STAFF_ASSIGNED
--------------------------------------------------------

  CREATE TABLE "UHF"."JOB_STAFF_ASSIGNED" 
   (	"ID" NUMBER(3,0), 
	"JOB_ID" NUMBER(3,0), 
	"STAFF_ID" NUMBER(3,0), 
	"CREATED_AT" DATE
   ) SEGMENT CREATION IMMEDIATE 
  PCTFREE 10 PCTUSED 40 INITRANS 1 MAXTRANS 255 
 NOCOMPRESS NOLOGGING
  STORAGE(INITIAL 65536 NEXT 1048576 MINEXTENTS 1 MAXEXTENTS 2147483645
  PCTINCREASE 0 FREELISTS 1 FREELIST GROUPS 1
  BUFFER_POOL DEFAULT FLASH_CACHE DEFAULT CELL_FLASH_CACHE DEFAULT)
  TABLESPACE "EXAMPLE" ;
--------------------------------------------------------
--  DDL for Table JOB_VISIT
--------------------------------------------------------

  CREATE TABLE "UHF"."JOB_VISIT" 
   (	"ID" NUMBER(20,0), 
	"CUSTOMER_VEHICLE_ID" NUMBER(20,0), 
	"VISIT_TYPE_ID" NUMBER(20,0), 
	"CREATED_AT" DATE
   ) SEGMENT CREATION IMMEDIATE 
  PCTFREE 10 PCTUSED 40 INITRANS 1 MAXTRANS 255 
 NOCOMPRESS NOLOGGING
  STORAGE(INITIAL 65536 NEXT 1048576 MINEXTENTS 1 MAXEXTENTS 2147483645
  PCTINCREASE 0 FREELISTS 1 FREELIST GROUPS 1
  BUFFER_POOL DEFAULT FLASH_CACHE DEFAULT CELL_FLASH_CACHE DEFAULT)
  TABLESPACE "EXAMPLE" ;
--------------------------------------------------------
--  DDL for Table MISCELLANEOUSTOOLS
--------------------------------------------------------

  CREATE TABLE "UHF"."MISCELLANEOUSTOOLS" 
   (	"ID" NUMBER, 
	"TITLE" VARCHAR2(50 BYTE), 
	"DESCRIPTION" VARCHAR2(250 BYTE), 
	"STATUS" NUMBER(*,0), 
	"CREATED_AT" DATE, 
	"UPDATED_AT" DATE
   ) SEGMENT CREATION IMMEDIATE 
  PCTFREE 10 PCTUSED 40 INITRANS 1 MAXTRANS 255 
 NOCOMPRESS NOLOGGING
  STORAGE(INITIAL 65536 NEXT 1048576 MINEXTENTS 1 MAXEXTENTS 2147483645
  PCTINCREASE 0 FREELISTS 1 FREELIST GROUPS 1
  BUFFER_POOL DEFAULT FLASH_CACHE DEFAULT CELL_FLASH_CACHE DEFAULT)
  TABLESPACE "EXAMPLE" ;
--------------------------------------------------------
--  DDL for Table MODEL
--------------------------------------------------------

  CREATE TABLE "UHF"."MODEL" 
   (	"ID" NUMBER(3,0), 
	"TITLE" VARCHAR2(50 BYTE), 
	"DESCRIPTION" VARCHAR2(250 BYTE), 
	"STATUS" NUMBER(*,0), 
	"CREATED_AT" DATE, 
	"UPDATED_AT" DATE
   ) SEGMENT CREATION IMMEDIATE 
  PCTFREE 10 PCTUSED 40 INITRANS 1 MAXTRANS 255 
 NOCOMPRESS NOLOGGING
  STORAGE(INITIAL 65536 NEXT 1048576 MINEXTENTS 1 MAXEXTENTS 2147483645
  PCTINCREASE 0 FREELISTS 1 FREELIST GROUPS 1
  BUFFER_POOL DEFAULT FLASH_CACHE DEFAULT CELL_FLASH_CACHE DEFAULT)
  TABLESPACE "EXAMPLE" ;
--------------------------------------------------------
--  DDL for Table SERVICES
--------------------------------------------------------

  CREATE TABLE "UHF"."SERVICES" 
   (	"ID" NUMBER(3,0), 
	"TITLE" VARCHAR2(50 BYTE), 
	"DESCRIPTION" VARCHAR2(250 BYTE), 
	"STATUS" NUMBER(*,0), 
	"CREATED_AT" DATE, 
	"UPDATED_AT" DATE, 
	"CHARGES" NUMBER(5,0)
   ) SEGMENT CREATION IMMEDIATE 
  PCTFREE 10 PCTUSED 40 INITRANS 1 MAXTRANS 255 
 NOCOMPRESS NOLOGGING
  STORAGE(INITIAL 65536 NEXT 1048576 MINEXTENTS 1 MAXEXTENTS 2147483645
  PCTINCREASE 0 FREELISTS 1 FREELIST GROUPS 1
  BUFFER_POOL DEFAULT FLASH_CACHE DEFAULT CELL_FLASH_CACHE DEFAULT)
  TABLESPACE "EXAMPLE" ;
--------------------------------------------------------
--  DDL for Table REGIONS
--------------------------------------------------------

  CREATE TABLE "UHF"."REGIONS" 
   (	"ID" NUMBER, 
	"TITLE" VARCHAR2(50 BYTE), 
	"CODE" VARCHAR2(20 BYTE), 
	"STATUS" NUMBER(*,0), 
	"CREATED_AT" DATE, 
	"UPDATED_AT" DATE
   ) SEGMENT CREATION IMMEDIATE 
  PCTFREE 10 PCTUSED 40 INITRANS 1 MAXTRANS 255 
 NOCOMPRESS NOLOGGING
  STORAGE(INITIAL 65536 NEXT 1048576 MINEXTENTS 1 MAXEXTENTS 2147483645
  PCTINCREASE 0 FREELISTS 1 FREELIST GROUPS 1
  BUFFER_POOL DEFAULT FLASH_CACHE DEFAULT CELL_FLASH_CACHE DEFAULT)
  TABLESPACE "EXAMPLE" ;
--------------------------------------------------------
--  DDL for Table SKILLS
--------------------------------------------------------

  CREATE TABLE "UHF"."SKILLS" 
   (	"ID" NUMBER(20,0), 
	"TITLE" VARCHAR2(20 BYTE), 
	"DESCRIPTION" VARCHAR2(255 BYTE), 
	"STATUS" VARCHAR2(20 BYTE), 
	"CREATED_AT" TIMESTAMP (6), 
	"UPDATED_AT" TIMESTAMP (6)
   ) SEGMENT CREATION IMMEDIATE 
  PCTFREE 10 PCTUSED 40 INITRANS 1 MAXTRANS 255 
 NOCOMPRESS NOLOGGING
  STORAGE(INITIAL 65536 NEXT 1048576 MINEXTENTS 1 MAXEXTENTS 2147483645
  PCTINCREASE 0 FREELISTS 1 FREELIST GROUPS 1
  BUFFER_POOL DEFAULT FLASH_CACHE DEFAULT CELL_FLASH_CACHE DEFAULT)
  TABLESPACE "EXAMPLE" ;
--------------------------------------------------------
--  DDL for Table SPECIALTOOLS
--------------------------------------------------------

  CREATE TABLE "UHF"."SPECIALTOOLS" 
   (	"ID" NUMBER, 
	"TITLE" VARCHAR2(50 BYTE), 
	"DESCRIPTION" VARCHAR2(250 BYTE), 
	"STATUS" NUMBER(*,0), 
	"CREATED_AT" DATE, 
	"UPDATED_AT" DATE
   ) SEGMENT CREATION IMMEDIATE 
  PCTFREE 10 PCTUSED 40 INITRANS 1 MAXTRANS 255 
 NOCOMPRESS NOLOGGING
  STORAGE(INITIAL 65536 NEXT 1048576 MINEXTENTS 1 MAXEXTENTS 2147483645
  PCTINCREASE 0 FREELISTS 1 FREELIST GROUPS 1
  BUFFER_POOL DEFAULT FLASH_CACHE DEFAULT CELL_FLASH_CACHE DEFAULT)
  TABLESPACE "EXAMPLE" ;
--------------------------------------------------------
--  DDL for Table STAFF
--------------------------------------------------------

  CREATE TABLE "UHF"."STAFF" 
   (	"ID" NUMBER(*,0), 
	"DEALER_ID" NUMBER(20,0), 
	"EDUCATION_ID" NUMBER(20,0), 
	"NAME" VARCHAR2(20 BYTE), 
	"NIC" VARCHAR2(20 BYTE), 
	"DESIGNATION" VARCHAR2(20 BYTE), 
	"CONTACT" VARCHAR2(20 BYTE), 
	"STATUS" NUMBER(*,0), 
	"CREATED_AT" DATE, 
	"UPDATED_AT" DATE, 
	"DOB" DATE, 
	"AGE" NUMBER(2,0), 
	"EXPERIENCE" NUMBER(3,0), 
	"REMARKS" VARCHAR2(255 BYTE)
   ) SEGMENT CREATION IMMEDIATE 
  PCTFREE 10 PCTUSED 40 INITRANS 1 MAXTRANS 255 
 NOCOMPRESS NOLOGGING
  STORAGE(INITIAL 65536 NEXT 1048576 MINEXTENTS 1 MAXEXTENTS 2147483645
  PCTINCREASE 0 FREELISTS 1 FREELIST GROUPS 1
  BUFFER_POOL DEFAULT FLASH_CACHE DEFAULT CELL_FLASH_CACHE DEFAULT)
  TABLESPACE "EXAMPLE" ;
--------------------------------------------------------
--  DDL for Table STAFF_EMPLOYMENT_TRACK
--------------------------------------------------------

  CREATE TABLE "UHF"."STAFF_EMPLOYMENT_TRACK" 
   (	"ID" NUMBER(20,0), 
	"STAFF_ID" NUMBER(20,0), 
	"WORKSHOP" VARCHAR2(250 BYTE), 
	"FROM_DATE" DATE, 
	"TO_DATE" DATE, 
	"SALARY" NUMBER(10,0), 
	"IS_CONTRACT" NUMBER(*,0), 
	"COMMISSION" NUMBER(10,0), 
	"CREATED_AT" TIMESTAMP (6)
   ) SEGMENT CREATION IMMEDIATE 
  PCTFREE 10 PCTUSED 40 INITRANS 1 MAXTRANS 255 
 NOCOMPRESS NOLOGGING
  STORAGE(INITIAL 65536 NEXT 1048576 MINEXTENTS 1 MAXEXTENTS 2147483645
  PCTINCREASE 0 FREELISTS 1 FREELIST GROUPS 1
  BUFFER_POOL DEFAULT FLASH_CACHE DEFAULT CELL_FLASH_CACHE DEFAULT)
  TABLESPACE "EXAMPLE" ;
--------------------------------------------------------
--  DDL for Table STAFF_SKILLS
--------------------------------------------------------

  CREATE TABLE "UHF"."STAFF_SKILLS" 
   (	"ID" NUMBER(20,0), 
	"STAFF_ID" NUMBER(20,0), 
	"SKILL_ID" NUMBER(20,0), 
	"CREATED_AT" TIMESTAMP (6)
   ) SEGMENT CREATION IMMEDIATE 
  PCTFREE 10 PCTUSED 40 INITRANS 1 MAXTRANS 255 
 NOCOMPRESS NOLOGGING
  STORAGE(INITIAL 65536 NEXT 1048576 MINEXTENTS 1 MAXEXTENTS 2147483645
  PCTINCREASE 0 FREELISTS 1 FREELIST GROUPS 1
  BUFFER_POOL DEFAULT FLASH_CACHE DEFAULT CELL_FLASH_CACHE DEFAULT)
  TABLESPACE "EXAMPLE" ;
--------------------------------------------------------
--  DDL for Table STAFF_TRAINING
--------------------------------------------------------

  CREATE TABLE "UHF"."STAFF_TRAINING" 
   (	"ID" NUMBER(20,0), 
	"STAFF_ID" NUMBER(20,0), 
	"TRAINING_ID" NUMBER(20,0), 
	"START_DATE" DATE, 
	"DATE_TO" DATE, 
	"CERTIFICATE_ISSUE" VARCHAR2(20 BYTE), 
	"CREATED_AT" TIMESTAMP (6), 
	"CERTIFICATE_NO" VARCHAR2(10 BYTE)
   ) SEGMENT CREATION IMMEDIATE 
  PCTFREE 10 PCTUSED 40 INITRANS 1 MAXTRANS 255 
 NOCOMPRESS NOLOGGING
  STORAGE(INITIAL 65536 NEXT 1048576 MINEXTENTS 1 MAXEXTENTS 2147483645
  PCTINCREASE 0 FREELISTS 1 FREELIST GROUPS 1
  BUFFER_POOL DEFAULT FLASH_CACHE DEFAULT CELL_FLASH_CACHE DEFAULT)
  TABLESPACE "EXAMPLE" ;
--------------------------------------------------------
--  DDL for Table TERRITORY
--------------------------------------------------------

  CREATE TABLE "UHF"."TERRITORY" 
   (	"ID" NUMBER, 
	"TITLE" VARCHAR2(20 BYTE), 
	"CODE" VARCHAR2(20 BYTE), 
	"STATUS" NUMBER(*,0), 
	"CREATED_AT" DATE, 
	"UPDATED_AT" DATE
   ) SEGMENT CREATION IMMEDIATE 
  PCTFREE 10 PCTUSED 40 INITRANS 1 MAXTRANS 255 
 NOCOMPRESS NOLOGGING
  STORAGE(INITIAL 65536 NEXT 1048576 MINEXTENTS 1 MAXEXTENTS 2147483645
  PCTINCREASE 0 FREELISTS 1 FREELIST GROUPS 1
  BUFFER_POOL DEFAULT FLASH_CACHE DEFAULT CELL_FLASH_CACHE DEFAULT)
  TABLESPACE "EXAMPLE" ;
--------------------------------------------------------
--  DDL for Table TRAINING
--------------------------------------------------------

  CREATE TABLE "UHF"."TRAINING" 
   (	"ID" NUMBER, 
	"TITLE" VARCHAR2(50 BYTE), 
	"DESCRIPTION" VARCHAR2(250 BYTE), 
	"STATUS" NUMBER(*,0), 
	"CREATED_AT" DATE, 
	"UPDATED_AT" DATE
   ) SEGMENT CREATION IMMEDIATE 
  PCTFREE 10 PCTUSED 40 INITRANS 1 MAXTRANS 255 
 NOCOMPRESS NOLOGGING
  STORAGE(INITIAL 65536 NEXT 1048576 MINEXTENTS 1 MAXEXTENTS 2147483645
  PCTINCREASE 0 FREELISTS 1 FREELIST GROUPS 1
  BUFFER_POOL DEFAULT FLASH_CACHE DEFAULT CELL_FLASH_CACHE DEFAULT)
  TABLESPACE "EXAMPLE" ;
--------------------------------------------------------
--  DDL for Table USER_ROLE
--------------------------------------------------------

  CREATE TABLE "UHF"."USER_ROLE" SHARING=METADATA 
   (	"ID" NUMBER(3,0), 
	"TITLE" VARCHAR2(50 BYTE), 
	"STATUS" NUMBER(1,0), 
	"CREATED_AT" DATE, 
	"UPDATED_AT" DATE
   ) SEGMENT CREATION IMMEDIATE 
  PCTFREE 10 PCTUSED 40 INITRANS 1 MAXTRANS 255 
 NOCOMPRESS NOLOGGING
  STORAGE(INITIAL 65536 NEXT 1048576 MINEXTENTS 1 MAXEXTENTS 2147483645
  PCTINCREASE 0 FREELISTS 1 FREELIST GROUPS 1
  BUFFER_POOL DEFAULT FLASH_CACHE DEFAULT CELL_FLASH_CACHE DEFAULT)
  TABLESPACE "EXAMPLE" ;
--------------------------------------------------------
--  DDL for Table USERS
--------------------------------------------------------

  CREATE TABLE "UHF"."USERS" SHARING=METADATA 
   (	"ID" NUMBER(3,0), 
	"USER_NAME" VARCHAR2(50 BYTE), 
	"EMAIL" VARCHAR2(50 BYTE), 
	"PASSWORD" VARCHAR2(50 BYTE), 
	"STATUS" NUMBER(1,0), 
	"CREATED_AT" DATE, 
	"UPDATED_AT" DATE, 
	"USER_ROLE_ID" NUMBER(3,0), 
	"REMEMBER_TOKEN" VARCHAR2(250 BYTE), 
	"VIEW_PASSWORD" VARCHAR2(50 BYTE)
   ) SEGMENT CREATION IMMEDIATE 
  PCTFREE 10 PCTUSED 40 INITRANS 1 MAXTRANS 255 
 NOCOMPRESS NOLOGGING
  STORAGE(INITIAL 65536 NEXT 1048576 MINEXTENTS 1 MAXEXTENTS 2147483645
  PCTINCREASE 0 FREELISTS 1 FREELIST GROUPS 1
  BUFFER_POOL DEFAULT FLASH_CACHE DEFAULT CELL_FLASH_CACHE DEFAULT)
  TABLESPACE "EXAMPLE" ;
--------------------------------------------------------
--  DDL for Table VISIT_TYPE
--------------------------------------------------------

  CREATE TABLE "UHF"."VISIT_TYPE" 
   (	"ID" NUMBER(3,0), 
	"SERVICE_NAME" VARCHAR2(50 BYTE), 
	"DESCRIPTION" NVARCHAR2(250), 
	"AVAILABLE" NUMBER(1,0), 
	"CREATED_AT" DATE, 
	"UPDATED_AT" DATE
   ) SEGMENT CREATION IMMEDIATE 
  PCTFREE 10 PCTUSED 40 INITRANS 1 MAXTRANS 255 
 NOCOMPRESS NOLOGGING
  STORAGE(INITIAL 65536 NEXT 1048576 MINEXTENTS 1 MAXEXTENTS 2147483645
  PCTINCREASE 0 FREELISTS 1 FREELIST GROUPS 1
  BUFFER_POOL DEFAULT FLASH_CACHE DEFAULT CELL_FLASH_CACHE DEFAULT)
  TABLESPACE "EXAMPLE" ;
--------------------------------------------------------
--  DDL for Table WORKSHOP
--------------------------------------------------------

  CREATE TABLE "UHF"."WORKSHOP" 
   (	"TITLE" VARCHAR2(50 BYTE), 
	"DESCRIPTION" VARCHAR2(250 BYTE), 
	"STATUS" NUMBER(1,0), 
	"CREATED_AT" DATE, 
	"UPDATED_AT" DATE, 
	"ID" NUMBER(20,0)
   ) SEGMENT CREATION IMMEDIATE 
  PCTFREE 10 PCTUSED 40 INITRANS 1 MAXTRANS 255 
 NOCOMPRESS NOLOGGING
  STORAGE(INITIAL 65536 NEXT 1048576 MINEXTENTS 1 MAXEXTENTS 2147483645
  PCTINCREASE 0 FREELISTS 1 FREELIST GROUPS 1
  BUFFER_POOL DEFAULT FLASH_CACHE DEFAULT CELL_FLASH_CACHE DEFAULT)
  TABLESPACE "EXAMPLE" ;
REM INSERTING into UHF.CITY
SET DEFINE OFF;
Insert into UHF.CITY (ID,TITLE,CODE,STATUS,CREATED_AT,UPDATED_AT) values (21,'Karachi','01',1,to_date('09-JUL-19','DD-MON-RR'),null);
Insert into UHF.CITY (ID,TITLE,CODE,STATUS,CREATED_AT,UPDATED_AT) values (22,'Lahore','02',1,to_date('09-JUL-19','DD-MON-RR'),null);
Insert into UHF.CITY (ID,TITLE,CODE,STATUS,CREATED_AT,UPDATED_AT) values (23,'Peshawar','03',1,to_date('09-JUL-19','DD-MON-RR'),null);
Insert into UHF.CITY (ID,TITLE,CODE,STATUS,CREATED_AT,UPDATED_AT) values (24,'Rawalpindi','04',1,to_date('09-JUL-19','DD-MON-RR'),to_date('09-JUL-19','DD-MON-RR'));
REM INSERTING into UHF.ACCESSORIES
SET DEFINE OFF;
Insert into UHF.ACCESSORIES (ID,TITLE,DESCRIPTION,STATUS,CREATED_AT,UPDATED_AT,CHARGES) values (47,'Chain Sprocket Kit',null,1,to_date('09-JUL-19','DD-MON-RR'),null,0);
Insert into UHF.ACCESSORIES (ID,TITLE,DESCRIPTION,STATUS,CREATED_AT,UPDATED_AT,CHARGES) values (61,'Others',null,1,to_date('11-JUL-19','DD-MON-RR'),null,0);
Insert into UHF.ACCESSORIES (ID,TITLE,DESCRIPTION,STATUS,CREATED_AT,UPDATED_AT,CHARGES) values (41,'Engine oil',null,1,to_date('09-JUL-19','DD-MON-RR'),null,0);
Insert into UHF.ACCESSORIES (ID,TITLE,DESCRIPTION,STATUS,CREATED_AT,UPDATED_AT,CHARGES) values (42,'Air filter',null,1,to_date('09-JUL-19','DD-MON-RR'),null,0);
Insert into UHF.ACCESSORIES (ID,TITLE,DESCRIPTION,STATUS,CREATED_AT,UPDATED_AT,CHARGES) values (43,'Spark plug',null,1,to_date('09-JUL-19','DD-MON-RR'),null,0);
Insert into UHF.ACCESSORIES (ID,TITLE,DESCRIPTION,STATUS,CREATED_AT,UPDATED_AT,CHARGES) values (44,'Brake Shoe (110 mm)',null,1,to_date('09-JUL-19','DD-MON-RR'),null,0);
Insert into UHF.ACCESSORIES (ID,TITLE,DESCRIPTION,STATUS,CREATED_AT,UPDATED_AT,CHARGES) values (46,'Battery',null,1,to_date('09-JUL-19','DD-MON-RR'),null,0);
Insert into UHF.ACCESSORIES (ID,TITLE,DESCRIPTION,STATUS,CREATED_AT,UPDATED_AT,CHARGES) values (48,'Damper Rear Wheel',null,1,to_date('09-JUL-19','DD-MON-RR'),null,0);
Insert into UHF.ACCESSORIES (ID,TITLE,DESCRIPTION,STATUS,CREATED_AT,UPDATED_AT,CHARGES) values (45,'Brake shoe (130 mm)',null,1,to_date('09-JUL-19','DD-MON-RR'),null,0);
REM INSERTING into UHF.COLOR
SET DEFINE OFF;
Insert into UHF.COLOR (ID,TITLE,DESCRIPTION,STATUS,CREATED_AT,UPDATED_AT) values (21,'Red',null,1,to_date('09-JUL-19','DD-MON-RR'),null);
Insert into UHF.COLOR (ID,TITLE,DESCRIPTION,STATUS,CREATED_AT,UPDATED_AT) values (22,'Green',null,1,to_date('09-JUL-19','DD-MON-RR'),null);
Insert into UHF.COLOR (ID,TITLE,DESCRIPTION,STATUS,CREATED_AT,UPDATED_AT) values (23,'Blue',null,1,to_date('09-JUL-19','DD-MON-RR'),null);
Insert into UHF.COLOR (ID,TITLE,DESCRIPTION,STATUS,CREATED_AT,UPDATED_AT) values (24,'Black',null,1,to_date('09-JUL-19','DD-MON-RR'),null);
REM INSERTING into UHF.CUSTOMER_DETAILS
SET DEFINE OFF;
Insert into UHF.CUSTOMER_DETAILS (ID,NAME,CONTACT,CITY_ID,ADDRESS,NIC,STATUS,CREATED_AT,UPDATED_AT,DEALER_ID) values (61,'Murtaza sheikh','(034) 556-5656',21,'DHA phase 3 karachi','42121-2122212-2',1,to_date('15-JUL-19','DD-MON-RR'),to_date('18-JUL-19','DD-MON-RR'),2);
Insert into UHF.CUSTOMER_DETAILS (ID,NAME,CONTACT,CITY_ID,ADDRESS,NIC,STATUS,CREATED_AT,UPDATED_AT,DEALER_ID) values (43,'Mubashir Luqman','(232) 222-2222',21,'test','22222-1212121-2',1,to_date('12-JUL-19','DD-MON-RR'),null,2);
Insert into UHF.CUSTOMER_DETAILS (ID,NAME,CONTACT,CITY_ID,ADDRESS,NIC,STATUS,CREATED_AT,UPDATED_AT,DEALER_ID) values (21,'TEST','1111-1111111',21,'TEST','22222-2222222-2',1,to_date('25-JUL-19','DD-MON-RR'),null,null);
Insert into UHF.CUSTOMER_DETAILS (ID,NAME,CONTACT,CITY_ID,ADDRESS,NIC,STATUS,CREATED_AT,UPDATED_AT,DEALER_ID) values (23,'ALI KHAN','2222-2222222',21,'      TEST','11111-1111111-1',1,to_date('25-JUL-19','DD-MON-RR'),to_date('25-JUL-19','DD-MON-RR'),61);
Insert into UHF.CUSTOMER_DETAILS (ID,NAME,CONTACT,CITY_ID,ADDRESS,NIC,STATUS,CREATED_AT,UPDATED_AT,DEALER_ID) values (1,'test','(033) 214-2622',21,'test2','43433-4333333-2',1,to_date('09-JUL-19','DD-MON-RR'),to_date('25-JUL-19','DD-MON-RR'),2);
Insert into UHF.CUSTOMER_DETAILS (ID,NAME,CONTACT,CITY_ID,ADDRESS,NIC,STATUS,CREATED_AT,UPDATED_AT,DEALER_ID) values (41,'Shehzad Roy','3232-3232323',21,'test','22222-2222323-2',1,to_date('21-AUG-19','DD-MON-RR'),to_date('26-AUG-19','DD-MON-RR'),43);
Insert into UHF.CUSTOMER_DETAILS (ID,NAME,CONTACT,CITY_ID,ADDRESS,NIC,STATUS,CREATED_AT,UPDATED_AT,DEALER_ID) values (62,'SAAD SHAKEEL AHMED','0332-142655',22,'test','22222-2222323-2',1,to_date('21-AUG-19','DD-MON-RR'),null,43);
Insert into UHF.CUSTOMER_DETAILS (ID,NAME,CONTACT,CITY_ID,ADDRESS,NIC,STATUS,CREATED_AT,UPDATED_AT,DEALER_ID) values (63,'ALI','0332-142655',22,null,'22222-2222222-2',1,to_date('21-AUG-19','DD-MON-RR'),null,43);
REM INSERTING into UHF.CUSTOMER_VEHICLES
SET DEFINE OFF;
Insert into UHF.CUSTOMER_VEHICLES (ID,CUSTOMER_ID,MODEL_ID,COLOR_ID,CHASSIS_NO,REGISTRATION_NO,ENGINE_NO,PURCHASE_DATE,STATUS,CREATED_AT,UPDATED_AT) values (41,61,21,21,'CH808080','RG808080','EG808080',to_date('24-JUL-19','DD-MON-RR'),1,to_timestamp('15-JUL-19 12.00.00.000000000 AM','DD-MON-RR HH.MI.SSXFF AM'),null);
Insert into UHF.CUSTOMER_VEHICLES (ID,CUSTOMER_ID,MODEL_ID,COLOR_ID,CHASSIS_NO,REGISTRATION_NO,ENGINE_NO,PURCHASE_DATE,STATUS,CREATED_AT,UPDATED_AT) values (42,41,21,22,'CH707070','CH707070','CH707070',to_date('23-AUG-19','DD-MON-RR'),1,to_timestamp('21-AUG-19 12.00.00.000000000 AM','DD-MON-RR HH.MI.SSXFF AM'),to_timestamp('21-AUG-19 12.00.00.000000000 AM','DD-MON-RR HH.MI.SSXFF AM'));
Insert into UHF.CUSTOMER_VEHICLES (ID,CUSTOMER_ID,MODEL_ID,COLOR_ID,CHASSIS_NO,REGISTRATION_NO,ENGINE_NO,PURCHASE_DATE,STATUS,CREATED_AT,UPDATED_AT) values (21,22,21,22,'CH202020','RG20202','EG202020',to_date('24-JUL-19','DD-MON-RR'),1,to_timestamp('25-JUL-19 12.00.00.000000000 AM','DD-MON-RR HH.MI.SSXFF AM'),null);
Insert into UHF.CUSTOMER_VEHICLES (ID,CUSTOMER_ID,MODEL_ID,COLOR_ID,CHASSIS_NO,REGISTRATION_NO,ENGINE_NO,PURCHASE_DATE,STATUS,CREATED_AT,UPDATED_AT) values (24,43,21,21,'CH909090','RG909090','EG909090',to_date('17-JUL-19','DD-MON-RR'),1,to_timestamp('12-JUL-19 12.00.00.000000000 AM','DD-MON-RR HH.MI.SSXFF AM'),to_timestamp('12-JUL-19 12.00.00.000000000 AM','DD-MON-RR HH.MI.SSXFF AM'));
Insert into UHF.CUSTOMER_VEHICLES (ID,CUSTOMER_ID,MODEL_ID,COLOR_ID,CHASSIS_NO,REGISTRATION_NO,ENGINE_NO,PURCHASE_DATE,STATUS,CREATED_AT,UPDATED_AT) values (5,1,21,22,'CH626262','RG6262','EG62622',to_date('25-JUL-19','DD-MON-RR'),1,to_timestamp('10-JUL-19 12.00.00.000000000 AM','DD-MON-RR HH.MI.SSXFF AM'),null);
Insert into UHF.CUSTOMER_VEHICLES (ID,CUSTOMER_ID,MODEL_ID,COLOR_ID,CHASSIS_NO,REGISTRATION_NO,ENGINE_NO,PURCHASE_DATE,STATUS,CREATED_AT,UPDATED_AT) values (43,41,21,21,'CH505050','RG505050','EG505050',to_date('22-AUG-19','DD-MON-RR'),1,to_timestamp('21-AUG-19 12.00.00.000000000 AM','DD-MON-RR HH.MI.SSXFF AM'),null);
Insert into UHF.CUSTOMER_VEHICLES (ID,CUSTOMER_ID,MODEL_ID,COLOR_ID,CHASSIS_NO,REGISTRATION_NO,ENGINE_NO,PURCHASE_DATE,STATUS,CREATED_AT,UPDATED_AT) values (23,45,21,21,'CH121212','RG121212','EG121212',to_date('20-JUL-19','DD-MON-RR'),1,to_timestamp('12-JUL-19 12.00.00.000000000 AM','DD-MON-RR HH.MI.SSXFF AM'),null);
Insert into UHF.CUSTOMER_VEHICLES (ID,CUSTOMER_ID,MODEL_ID,COLOR_ID,CHASSIS_NO,REGISTRATION_NO,ENGINE_NO,PURCHASE_DATE,STATUS,CREATED_AT,UPDATED_AT) values (61,62,21,21,'BK3232322','RG323232','EG323232',to_date('21-AUG-19','DD-MON-RR'),1,to_timestamp('21-AUG-19 12.00.00.000000000 AM','DD-MON-RR HH.MI.SSXFF AM'),to_timestamp('26-AUG-19 12.00.00.000000000 AM','DD-MON-RR HH.MI.SSXFF AM'));
Insert into UHF.CUSTOMER_VEHICLES (ID,CUSTOMER_ID,MODEL_ID,COLOR_ID,CHASSIS_NO,REGISTRATION_NO,ENGINE_NO,PURCHASE_DATE,STATUS,CREATED_AT,UPDATED_AT) values (62,63,22,22,'CH303030','RG303030','EG303030',to_date('19-AUG-19','DD-MON-RR'),1,to_timestamp('21-AUG-19 12.00.00.000000000 AM','DD-MON-RR HH.MI.SSXFF AM'),null);
REM INSERTING into UHF.DEALER_DETAILS
SET DEFINE OFF;
Insert into UHF.DEALER_DETAILS (ID,USER_ID,NAME,REGION_ID,TERRITORY_ID,DEALERSHIP_GROUP_ID,ADDRESS,PHONE,MOBILE,COMMENCEMENT_DATE,O_NAME,O_FATHER,O_AGE,WORKSHOP_OWNER,O_NIC,O_MOBILE,O_NXT_KIN,O_NTN,O_BANK,O_BRANCH,O_ACCNO,MON_SER_IN,IN_PART_INVEST,MON_COM_PART,CITY_ID,WORKSHOP_LENGTH,WORKSHOP_BREADTH,LIFTS,PITS,SAP_CODE,CATEGORY_TYPE,SIGN_LENGTH,SIGN_BREADTH,CREATED_AT,UPDATED_AT) values (43,65,'Luqman',8,8,24,'test','1111','1111-1111111',to_date('26-JUL-19','DD-MON-RR'),'Pervaiz Musharraf',null,null,null,null,null,null,null,null,null,null,null,null,null,21,null,null,null,null,null,'A',null,null,to_timestamp('24-JUL-19 12.00.00.000000000 AM','DD-MON-RR HH.MI.SSXFF AM'),to_timestamp('26-AUG-19 12.00.00.000000000 AM','DD-MON-RR HH.MI.SSXFF AM'));
Insert into UHF.DEALER_DETAILS (ID,USER_ID,NAME,REGION_ID,TERRITORY_ID,DEALERSHIP_GROUP_ID,ADDRESS,PHONE,MOBILE,COMMENCEMENT_DATE,O_NAME,O_FATHER,O_AGE,WORKSHOP_OWNER,O_NIC,O_MOBILE,O_NXT_KIN,O_NTN,O_BANK,O_BRANCH,O_ACCNO,MON_SER_IN,IN_PART_INVEST,MON_COM_PART,CITY_ID,WORKSHOP_LENGTH,WORKSHOP_BREADTH,LIFTS,PITS,SAP_CODE,CATEGORY_TYPE,SIGN_LENGTH,SIGN_BREADTH,CREATED_AT,UPDATED_AT) values (82,102,'Shoeib Khan',8,8,null,'test','323232323','0323-2323232',to_date('16-AUG-19','DD-MON-RR'),null,null,null,null,null,null,null,null,null,null,null,null,null,null,21,null,null,null,null,null,null,null,null,to_timestamp('27-AUG-19 12.00.00.000000000 AM','DD-MON-RR HH.MI.SSXFF AM'),to_timestamp('27-AUG-19 12.00.00.000000000 AM','DD-MON-RR HH.MI.SSXFF AM'));
REM INSERTING into UHF.DEALER_DEVICES
SET DEFINE OFF;
Insert into UHF.DEALER_DEVICES (ID,DEALER_ID,DEVICES_ID,CREATED_AT) values (241,43,null,to_timestamp('26-AUG-19 12.00.00.000000000 AM','DD-MON-RR HH.MI.SSXFF AM'));
Insert into UHF.DEALER_DEVICES (ID,DEALER_ID,DEVICES_ID,CREATED_AT) values (263,82,null,to_timestamp('27-AUG-19 12.00.00.000000000 AM','DD-MON-RR HH.MI.SSXFF AM'));
REM INSERTING into UHF.DEALER_MISC
SET DEFINE OFF;
Insert into UHF.DEALER_MISC (ID,DEALER_ID,MISC_ID,CREATED_AT) values (261,43,null,to_timestamp('26-AUG-19 12.00.00.000000000 AM','DD-MON-RR HH.MI.SSXFF AM'));
Insert into UHF.DEALER_MISC (ID,DEALER_ID,MISC_ID,CREATED_AT) values (283,82,null,to_timestamp('27-AUG-19 12.00.00.000000000 AM','DD-MON-RR HH.MI.SSXFF AM'));
REM INSERTING into UHF.DEALER_SPECIAL
SET DEFINE OFF;
Insert into UHF.DEALER_SPECIAL (ID,DEALER_ID,SPECIAL_ID,CREATED_AT) values (241,43,2,to_timestamp('26-AUG-19 12.00.00.000000000 AM','DD-MON-RR HH.MI.SSXFF AM'));
Insert into UHF.DEALER_SPECIAL (ID,DEALER_ID,SPECIAL_ID,CREATED_AT) values (263,82,null,to_timestamp('27-AUG-19 12.00.00.000000000 AM','DD-MON-RR HH.MI.SSXFF AM'));
Insert into UHF.DEALER_SPECIAL (ID,DEALER_ID,SPECIAL_ID,CREATED_AT) values (242,43,3,to_timestamp('26-AUG-19 12.00.00.000000000 AM','DD-MON-RR HH.MI.SSXFF AM'));
REM INSERTING into UHF.DEALER_WORKSHOP
SET DEFINE OFF;
Insert into UHF.DEALER_WORKSHOP (ID,DEALER_ID,WORKSHOP_ID,CREATED_AT) values (241,43,null,to_timestamp('26-AUG-19 12.00.00.000000000 AM','DD-MON-RR HH.MI.SSXFF AM'));
Insert into UHF.DEALER_WORKSHOP (ID,DEALER_ID,WORKSHOP_ID,CREATED_AT) values (263,82,null,to_timestamp('27-AUG-19 12.00.00.000000000 AM','DD-MON-RR HH.MI.SSXFF AM'));
REM INSERTING into UHF.DEALERSHIP_GROUP
SET DEFINE OFF;
Insert into UHF.DEALERSHIP_GROUP (ID,TITLE,DESCRIPTION,STATUS,CREATED_AT,UPDATED_AT) values (24,'5S Dealer',null,1,to_date('22-JUL-19','DD-MON-RR'),null);
Insert into UHF.DEALERSHIP_GROUP (ID,TITLE,DESCRIPTION,STATUS,CREATED_AT,UPDATED_AT) values (41,'Others',null,1,to_date('19-AUG-19','DD-MON-RR'),null);
Insert into UHF.DEALERSHIP_GROUP (ID,TITLE,DESCRIPTION,STATUS,CREATED_AT,UPDATED_AT) values (21,'1S Dealer',null,1,to_date('22-JUL-19','DD-MON-RR'),null);
Insert into UHF.DEALERSHIP_GROUP (ID,TITLE,DESCRIPTION,STATUS,CREATED_AT,UPDATED_AT) values (22,'2S Dealer',null,1,to_date('22-JUL-19','DD-MON-RR'),null);
Insert into UHF.DEALERSHIP_GROUP (ID,TITLE,DESCRIPTION,STATUS,CREATED_AT,UPDATED_AT) values (23,'3S Dealer',null,1,to_date('22-JUL-19','DD-MON-RR'),null);
REM INSERTING into UHF.DEVICES
SET DEFINE OFF;
Insert into UHF.DEVICES (TITLE,DESCRIPTION,STATUS,CREATED_AT,UPDATED_AT,ID) values ('TEST',null,1,to_date('11-JUL-19','DD-MON-RR'),null,4);
REM INSERTING into UHF.EDUCATION
SET DEFINE OFF;
Insert into UHF.EDUCATION (ID,TITLE,STATUS,CREATED_AT,UPDATED_AT) values (1,'Bachelors',1,to_date('09-JUL-19','DD-MON-RR'),null);
Insert into UHF.EDUCATION (ID,TITLE,STATUS,CREATED_AT,UPDATED_AT) values (2,'Matric',1,to_date('09-JUL-19','DD-MON-RR'),null);
Insert into UHF.EDUCATION (ID,TITLE,STATUS,CREATED_AT,UPDATED_AT) values (3,'Intermediate / Diploma',1,to_date('09-JUL-19','DD-MON-RR'),null);
Insert into UHF.EDUCATION (ID,TITLE,STATUS,CREATED_AT,UPDATED_AT) values (4,'Masters',1,to_date('09-JUL-19','DD-MON-RR'),null);
REM INSERTING into UHF.JOB_ACCESSORIES
SET DEFINE OFF;
Insert into UHF.JOB_ACCESSORIES (ID,JOB_ID,ACCESSORIES_NAME,ACCESSORIES_CHARGES,CREATED_AT,ACCESSORIES_ID) values (382,321,'Engine oil',100,to_date('27-AUG-19','DD-MON-RR'),41);
REM INSERTING into UHF.JOB_CARD
SET DEFINE OFF;
Insert into UHF.JOB_CARD (ID,KM_READING,OPENING_DATE,STATUS,CREATED_AT,UPDATED_AT,TOTAL,DISCOUNT,VISIT_TYPE_ID,REF_NUMBER,CUSTOMER_ID,DEALER_ID,JOB_STATUS,PAYMENT_STATUS,CUSTOMER_VEHICLE_ID,TOTAL_SERVICES,TOTAL_ACCESSORIES,NEXT_VISIT_DATE) values (321,'1000',to_date('26-AUG-19','DD-MON-RR'),1,to_date('26-AUG-19','DD-MON-RR'),to_date('27-AUG-19','DD-MON-RR'),290,10,25,1,41,43,'Open','Not Done',42,100,100,null);
REM INSERTING into UHF.JOB_SERVICES
SET DEFINE OFF;
Insert into UHF.JOB_SERVICES (ID,JOB_ID,SERVICE_NAME,SERVICE_CHARGES,CREATED_AT,SERVICE_ID) values (441,321,'Tuning and Inspection',100,to_date('27-AUG-19','DD-MON-RR'),1);
Insert into UHF.JOB_SERVICES (ID,JOB_ID,SERVICE_NAME,SERVICE_CHARGES,CREATED_AT,SERVICE_ID) values (442,321,'Oil Change',100,to_date('27-AUG-19','DD-MON-RR'),2);
REM INSERTING into UHF.JOB_STAFF_ASSIGNED
SET DEFINE OFF;
Insert into UHF.JOB_STAFF_ASSIGNED (ID,JOB_ID,STAFF_ID,CREATED_AT) values (462,321,156,to_date('27-AUG-19','DD-MON-RR'));
REM INSERTING into UHF.JOB_VISIT
SET DEFINE OFF;
Insert into UHF.JOB_VISIT (ID,CUSTOMER_VEHICLE_ID,VISIT_TYPE_ID,CREATED_AT) values (442,42,25,to_date('27-AUG-19','DD-MON-RR'));
REM INSERTING into UHF.MISCELLANEOUSTOOLS
SET DEFINE OFF;
REM INSERTING into UHF.MODEL
SET DEFINE OFF;
Insert into UHF.MODEL (ID,TITLE,DESCRIPTION,STATUS,CREATED_AT,UPDATED_AT) values (21,'CD-70',null,1,to_date('09-JUL-19','DD-MON-RR'),null);
Insert into UHF.MODEL (ID,TITLE,DESCRIPTION,STATUS,CREATED_AT,UPDATED_AT) values (22,'CD-100',null,1,to_date('09-JUL-19','DD-MON-RR'),null);
Insert into UHF.MODEL (ID,TITLE,DESCRIPTION,STATUS,CREATED_AT,UPDATED_AT) values (23,'CD Dream',null,1,to_date('09-JUL-19','DD-MON-RR'),null);
Insert into UHF.MODEL (ID,TITLE,DESCRIPTION,STATUS,CREATED_AT,UPDATED_AT) values (24,'PRIDOR',null,1,to_date('09-JUL-19','DD-MON-RR'),null);
Insert into UHF.MODEL (ID,TITLE,DESCRIPTION,STATUS,CREATED_AT,UPDATED_AT) values (25,'Honda DLX',null,1,to_date('09-JUL-19','DD-MON-RR'),null);
REM INSERTING into UHF.SERVICES
SET DEFINE OFF;
Insert into UHF.SERVICES (ID,TITLE,DESCRIPTION,STATUS,CREATED_AT,UPDATED_AT,CHARGES) values (21,'Others',null,1,to_date('11-JUL-19','DD-MON-RR'),null,0);
Insert into UHF.SERVICES (ID,TITLE,DESCRIPTION,STATUS,CREATED_AT,UPDATED_AT,CHARGES) values (1,'Tuning and Inspection',null,1,to_date('09-JUL-19','DD-MON-RR'),to_date('25-JUL-19','DD-MON-RR'),0);
Insert into UHF.SERVICES (ID,TITLE,DESCRIPTION,STATUS,CREATED_AT,UPDATED_AT,CHARGES) values (2,'Oil Change',null,1,to_date('09-JUL-19','DD-MON-RR'),null,0);
Insert into UHF.SERVICES (ID,TITLE,DESCRIPTION,STATUS,CREATED_AT,UPDATED_AT,CHARGES) values (3,'Washing',null,1,to_date('09-JUL-19','DD-MON-RR'),null,0);
Insert into UHF.SERVICES (ID,TITLE,DESCRIPTION,STATUS,CREATED_AT,UPDATED_AT,CHARGES) values (4,'Half Engine overhaul',null,1,to_date('09-JUL-19','DD-MON-RR'),null,0);
Insert into UHF.SERVICES (ID,TITLE,DESCRIPTION,STATUS,CREATED_AT,UPDATED_AT,CHARGES) values (5,'Full Engine overhaul',null,1,to_date('09-JUL-19','DD-MON-RR'),to_date('09-JUL-19','DD-MON-RR'),0);
Insert into UHF.SERVICES (ID,TITLE,DESCRIPTION,STATUS,CREATED_AT,UPDATED_AT,CHARGES) values (6,'Brake Shoe Replace Front',null,1,to_date('09-JUL-19','DD-MON-RR'),null,0);
Insert into UHF.SERVICES (ID,TITLE,DESCRIPTION,STATUS,CREATED_AT,UPDATED_AT,CHARGES) values (7,'Brake Shoe Replace Rear',null,1,to_date('09-JUL-19','DD-MON-RR'),null,0);
Insert into UHF.SERVICES (ID,TITLE,DESCRIPTION,STATUS,CREATED_AT,UPDATED_AT,CHARGES) values (8,'Chain Sprocket Kit Replacement',null,1,to_date('09-JUL-19','DD-MON-RR'),null,0);
Insert into UHF.SERVICES (ID,TITLE,DESCRIPTION,STATUS,CREATED_AT,UPDATED_AT,CHARGES) values (9,'Clutch overhaul',null,1,to_date('09-JUL-19','DD-MON-RR'),null,0);
REM INSERTING into UHF.REGIONS
SET DEFINE OFF;
Insert into UHF.REGIONS (ID,TITLE,CODE,STATUS,CREATED_AT,UPDATED_AT) values (8,'Gujranwala','3200',1,to_date('18-JUN-19','DD-MON-RR'),to_date('09-JUL-19','DD-MON-RR'));
Insert into UHF.REGIONS (ID,TITLE,CODE,STATUS,CREATED_AT,UPDATED_AT) values (9,'Karachi','1000',1,to_date('18-JUN-19','DD-MON-RR'),null);
Insert into UHF.REGIONS (ID,TITLE,CODE,STATUS,CREATED_AT,UPDATED_AT) values (41,'Hyderabad','245',1,to_date('17-JUL-19','DD-MON-RR'),null);
Insert into UHF.REGIONS (ID,TITLE,CODE,STATUS,CREATED_AT,UPDATED_AT) values (6,'Central','21000',1,to_date('18-JUN-19','DD-MON-RR'),to_date('18-JUN-19','DD-MON-RR'));
Insert into UHF.REGIONS (ID,TITLE,CODE,STATUS,CREATED_AT,UPDATED_AT) values (7,'Faisalabad','3100',1,to_date('18-JUN-19','DD-MON-RR'),to_date('18-JUN-19','DD-MON-RR'));
Insert into UHF.REGIONS (ID,TITLE,CODE,STATUS,CREATED_AT,UPDATED_AT) values (10,'Lahore','3000',1,to_date('18-JUN-19','DD-MON-RR'),to_date('16-JUL-19','DD-MON-RR'));
REM INSERTING into UHF.SKILLS
SET DEFINE OFF;
Insert into UHF.SKILLS (ID,TITLE,DESCRIPTION,STATUS,CREATED_AT,UPDATED_AT) values (1,'Washing',null,'1',to_timestamp('20-JUL-19 12.00.00.000000000 AM','DD-MON-RR HH.MI.SSXFF AM'),to_timestamp('20-JUL-19 12.00.00.000000000 AM','DD-MON-RR HH.MI.SSXFF AM'));
Insert into UHF.SKILLS (ID,TITLE,DESCRIPTION,STATUS,CREATED_AT,UPDATED_AT) values (2,'Tuning',null,'1',to_timestamp('20-JUL-19 12.00.00.000000000 AM','DD-MON-RR HH.MI.SSXFF AM'),null);
Insert into UHF.SKILLS (ID,TITLE,DESCRIPTION,STATUS,CREATED_AT,UPDATED_AT) values (3,'Electrical Work',null,'1',to_timestamp('20-JUL-19 12.00.00.000000000 AM','DD-MON-RR HH.MI.SSXFF AM'),null);
REM INSERTING into UHF.SPECIALTOOLS
SET DEFINE OFF;
Insert into UHF.SPECIALTOOLS (ID,TITLE,DESCRIPTION,STATUS,CREATED_AT,UPDATED_AT) values (4,'Valve Compressor',null,1,to_date('19-JUN-19','DD-MON-RR'),null);
Insert into UHF.SPECIALTOOLS (ID,TITLE,DESCRIPTION,STATUS,CREATED_AT,UPDATED_AT) values (2,'Timing Light',null,1,to_date('19-JUN-19','DD-MON-RR'),null);
Insert into UHF.SPECIALTOOLS (ID,TITLE,DESCRIPTION,STATUS,CREATED_AT,UPDATED_AT) values (3,'Timing Gear Assembly tool',null,1,to_date('19-JUN-19','DD-MON-RR'),null);
Insert into UHF.SPECIALTOOLS (ID,TITLE,DESCRIPTION,STATUS,CREATED_AT,UPDATED_AT) values (5,'Front Shock oil seal driver 2',null,1,to_date('19-JUN-19','DD-MON-RR'),null);
Insert into UHF.SPECIALTOOLS (ID,TITLE,DESCRIPTION,STATUS,CREATED_AT,UPDATED_AT) values (6,' Hammer driver set',null,1,to_date('19-JUN-19','DD-MON-RR'),null);
REM INSERTING into UHF.STAFF
SET DEFINE OFF;
Insert into UHF.STAFF (ID,DEALER_ID,EDUCATION_ID,NAME,NIC,DESIGNATION,CONTACT,STATUS,CREATED_AT,UPDATED_AT,DOB,AGE,EXPERIENCE,REMARKS) values (182,43,2,'AHMED SHEIKH','12333-3333333-3','TECHNICIAN','2323-2222222',1,to_date('27-AUG-19','DD-MON-RR'),to_date('27-AUG-19','DD-MON-RR'),to_date('21-AUG-19','DD-MON-RR'),3,1,'TEST');
Insert into UHF.STAFF (ID,DEALER_ID,EDUCATION_ID,NAME,NIC,DESIGNATION,CONTACT,STATUS,CREATED_AT,UPDATED_AT,DOB,AGE,EXPERIENCE,REMARKS) values (156,43,1,'FAZAL RAHIM','47424-4545454-5','TECHNICIAN','2222-2222222',1,to_date('24-JUL-19','DD-MON-RR'),to_date('27-AUG-19','DD-MON-RR'),to_date('16-JUL-19','DD-MON-RR'),24,2,'TEST');
REM INSERTING into UHF.STAFF_EMPLOYMENT_TRACK
SET DEFINE OFF;
Insert into UHF.STAFF_EMPLOYMENT_TRACK (ID,STAFF_ID,WORKSHOP,FROM_DATE,TO_DATE,SALARY,IS_CONTRACT,COMMISSION,CREATED_AT) values (9121,161,'test',to_date('17-AUG-19','DD-MON-RR'),to_date('17-AUG-19','DD-MON-RR'),5000,1,32,to_timestamp('27-AUG-19 12.00.00.000000000 AM','DD-MON-RR HH.MI.SSXFF AM'));
Insert into UHF.STAFF_EMPLOYMENT_TRACK (ID,STAFF_ID,WORKSHOP,FROM_DATE,TO_DATE,SALARY,IS_CONTRACT,COMMISSION,CREATED_AT) values (9124,181,'test',to_date('01-AUG-19','DD-MON-RR'),to_date('09-AUG-19','DD-MON-RR'),null,1,12,to_timestamp('27-AUG-19 12.00.00.000000000 AM','DD-MON-RR HH.MI.SSXFF AM'));
REM INSERTING into UHF.STAFF_SKILLS
SET DEFINE OFF;
Insert into UHF.STAFF_SKILLS (ID,STAFF_ID,SKILL_ID,CREATED_AT) values (231,156,null,null);
Insert into UHF.STAFF_SKILLS (ID,STAFF_ID,SKILL_ID,CREATED_AT) values (230,182,null,null);
Insert into UHF.STAFF_SKILLS (ID,STAFF_ID,SKILL_ID,CREATED_AT) values (226,181,null,null);
Insert into UHF.STAFF_SKILLS (ID,STAFF_ID,SKILL_ID,CREATED_AT) values (221,161,null,null);
REM INSERTING into UHF.STAFF_TRAINING
SET DEFINE OFF;
Insert into UHF.STAFF_TRAINING (ID,STAFF_ID,TRAINING_ID,START_DATE,DATE_TO,CERTIFICATE_ISSUE,CREATED_AT,CERTIFICATE_NO) values (162,null,null,null,null,null,to_timestamp('24-JUL-19 12.00.00.000000000 AM','DD-MON-RR HH.MI.SSXFF AM'),null);
Insert into UHF.STAFF_TRAINING (ID,STAFF_ID,TRAINING_ID,START_DATE,DATE_TO,CERTIFICATE_ISSUE,CREATED_AT,CERTIFICATE_NO) values (271,156,22,to_date('20-AUG-19','DD-MON-RR'),to_date('10-AUG-19','DD-MON-RR'),'1',to_timestamp('27-AUG-19 12.00.00.000000000 AM','DD-MON-RR HH.MI.SSXFF AM'),'1000');
Insert into UHF.STAFF_TRAINING (ID,STAFF_ID,TRAINING_ID,START_DATE,DATE_TO,CERTIFICATE_ISSUE,CREATED_AT,CERTIFICATE_NO) values (270,182,1,to_date('10-JUL-19','DD-MON-RR'),to_date('10-AUG-19','DD-MON-RR'),'1',to_timestamp('27-AUG-19 12.00.00.000000000 AM','DD-MON-RR HH.MI.SSXFF AM'),'10000');
Insert into UHF.STAFF_TRAINING (ID,STAFF_ID,TRAINING_ID,START_DATE,DATE_TO,CERTIFICATE_ISSUE,CREATED_AT,CERTIFICATE_NO) values (266,181,1,to_date('21-AUG-19','DD-MON-RR'),to_date('28-AUG-19','DD-MON-RR'),'1',to_timestamp('27-AUG-19 12.00.00.000000000 AM','DD-MON-RR HH.MI.SSXFF AM'),'100000');
Insert into UHF.STAFF_TRAINING (ID,STAFF_ID,TRAINING_ID,START_DATE,DATE_TO,CERTIFICATE_ISSUE,CREATED_AT,CERTIFICATE_NO) values (261,161,1,to_date('20-AUG-19','DD-MON-RR'),to_date('15-AUG-19','DD-MON-RR'),'0',to_timestamp('27-AUG-19 12.00.00.000000000 AM','DD-MON-RR HH.MI.SSXFF AM'),null);
REM INSERTING into UHF.TERRITORY
SET DEFINE OFF;
Insert into UHF.TERRITORY (ID,TITLE,CODE,STATUS,CREATED_AT,UPDATED_AT) values (8,'Bahawal Nagar','270',1,to_date('18-JUN-19','DD-MON-RR'),null);
Insert into UHF.TERRITORY (ID,TITLE,CODE,STATUS,CREATED_AT,UPDATED_AT) values (9,'Bhakkar','316',1,to_date('18-JUN-19','DD-MON-RR'),null);
Insert into UHF.TERRITORY (ID,TITLE,CODE,STATUS,CREATED_AT,UPDATED_AT) values (5,'Bahawalpur','215',1,to_date('18-JUN-19','DD-MON-RR'),null);
Insert into UHF.TERRITORY (ID,TITLE,CODE,STATUS,CREATED_AT,UPDATED_AT) values (10,'D.G Khan','250',1,to_date('18-JUN-19','DD-MON-RR'),to_date('19-JUN-19','DD-MON-RR'));
Insert into UHF.TERRITORY (ID,TITLE,CODE,STATUS,CREATED_AT,UPDATED_AT) values (1,'Abbottabad','450',1,to_date('18-JUN-19','DD-MON-RR'),to_date('18-JUN-19','DD-MON-RR'));
REM INSERTING into UHF.TRAINING
SET DEFINE OFF;
Insert into UHF.TRAINING (ID,TITLE,DESCRIPTION,STATUS,CREATED_AT,UPDATED_AT) values (24,'3-days training & 1-day training',null,1,to_date('20-JUL-19','DD-MON-RR'),null);
Insert into UHF.TRAINING (ID,TITLE,DESCRIPTION,STATUS,CREATED_AT,UPDATED_AT) values (1,'MT',null,1,to_date('15-JUL-19','DD-MON-RR'),to_date('20-JUL-19','DD-MON-RR'));
Insert into UHF.TRAINING (ID,TITLE,DESCRIPTION,STATUS,CREATED_AT,UPDATED_AT) values (21,'RT',null,1,to_date('20-JUL-19','DD-MON-RR'),null);
Insert into UHF.TRAINING (ID,TITLE,DESCRIPTION,STATUS,CREATED_AT,UPDATED_AT) values (22,'DT',null,1,to_date('20-JUL-19','DD-MON-RR'),null);
REM INSERTING into UHF.USER_ROLE
SET DEFINE OFF;
Insert into UHF.USER_ROLE (ID,TITLE,STATUS,CREATED_AT,UPDATED_AT) values (1,'Admin',1,to_date('09-JUL-19','DD-MON-RR'),null);
Insert into UHF.USER_ROLE (ID,TITLE,STATUS,CREATED_AT,UPDATED_AT) values (2,'Dealer',1,to_date('09-JUL-19','DD-MON-RR'),null);
REM INSERTING into UHF.USERS
SET DEFINE OFF;
Insert into UHF.USERS (ID,USER_NAME,EMAIL,PASSWORD,STATUS,CREATED_AT,UPDATED_AT,USER_ROLE_ID,REMEMBER_TOKEN,VIEW_PASSWORD) values (65,'999999','luqman@yopmail.com','E10ADC3949BA59ABBE56E057F20F883E',1,to_date('24-JUL-19','DD-MON-RR'),to_date('26-AUG-19','DD-MON-RR'),2,'arH7mXASZVEjeDkM','123456');
Insert into UHF.USERS (ID,USER_NAME,EMAIL,PASSWORD,STATUS,CREATED_AT,UPDATED_AT,USER_ROLE_ID,REMEMBER_TOKEN,VIEW_PASSWORD) values (1,'admin','admin@yopmail.com','21232F297A57A5A743894A0E4A801FC3',1,to_date('09-JUL-19','DD-MON-RR'),null,1,'xE7VU3sGX2',null);
Insert into UHF.USERS (ID,USER_NAME,EMAIL,PASSWORD,STATUS,CREATED_AT,UPDATED_AT,USER_ROLE_ID,REMEMBER_TOKEN,VIEW_PASSWORD) values (2,'dealer','dealer@yopamil.com','21232F297A57A5A743894A0E4A801FC3',1,to_date('09-JUL-19','DD-MON-RR'),null,2,'C6puMzDkLTVbQJ3drXlm','admin');
Insert into UHF.USERS (ID,USER_NAME,EMAIL,PASSWORD,STATUS,CREATED_AT,UPDATED_AT,USER_ROLE_ID,REMEMBER_TOKEN,VIEW_PASSWORD) values (81,'888888','hassan@gmail.com','E10ADC3949BA59ABBE56E057F20F883E',1,to_date('25-JUL-19','DD-MON-RR'),to_date('26-AUG-19','DD-MON-RR'),2,'kWcT2U9IYoOhMZex','123456');
Insert into UHF.USERS (ID,USER_NAME,EMAIL,PASSWORD,STATUS,CREATED_AT,UPDATED_AT,USER_ROLE_ID,REMEMBER_TOKEN,VIEW_PASSWORD) values (101,'323232','test@yopmail.com','CC03E747A6AFBBCBF8BE7668ACFEBEE5',1,to_date('27-AUG-19','DD-MON-RR'),null,2,'aj4o0iMzwvZsNJ3d','test123');
Insert into UHF.USERS (ID,USER_NAME,EMAIL,PASSWORD,STATUS,CREATED_AT,UPDATED_AT,USER_ROLE_ID,REMEMBER_TOKEN,VIEW_PASSWORD) values (64,'Shoeibn','shoeib@yopmail.com','CC03E747A6AFBBCBF8BE7668ACFEBEE5',1,to_date('24-JUL-19','DD-MON-RR'),to_date('24-JUL-19','DD-MON-RR'),2,'ktX65yoZV1aOhuF0','test123');
Insert into UHF.USERS (ID,USER_NAME,EMAIL,PASSWORD,STATUS,CREATED_AT,UPDATED_AT,USER_ROLE_ID,REMEMBER_TOKEN,VIEW_PASSWORD) values (102,'777777','shoeibkhan@yopmail.com','E10ADC3949BA59ABBE56E057F20F883E',1,to_date('27-AUG-19','DD-MON-RR'),to_date('27-AUG-19','DD-MON-RR'),2,'MRvn7jNe0IkpaJiD','123456');
REM INSERTING into UHF.VISIT_TYPE
SET DEFINE OFF;
Insert into UHF.VISIT_TYPE (ID,SERVICE_NAME,DESCRIPTION,AVAILABLE,CREATED_AT,UPDATED_AT) values (25,'First Free Service',null,1,to_date('09-JUL-19','DD-MON-RR'),null);
Insert into UHF.VISIT_TYPE (ID,SERVICE_NAME,DESCRIPTION,AVAILABLE,CREATED_AT,UPDATED_AT) values (27,'Third Free Service',null,1,to_date('09-JUL-19','DD-MON-RR'),null);
Insert into UHF.VISIT_TYPE (ID,SERVICE_NAME,DESCRIPTION,AVAILABLE,CREATED_AT,UPDATED_AT) values (28,'Periodic Inspection (PI)',null,0,to_date('09-JUL-19','DD-MON-RR'),to_date('18-JUL-19','DD-MON-RR'));
Insert into UHF.VISIT_TYPE (ID,SERVICE_NAME,DESCRIPTION,AVAILABLE,CREATED_AT,UPDATED_AT) values (26,'Second Free Service ',null,1,to_date('09-JUL-19','DD-MON-RR'),to_date('17-JUL-19','DD-MON-RR'));
Insert into UHF.VISIT_TYPE (ID,SERVICE_NAME,DESCRIPTION,AVAILABLE,CREATED_AT,UPDATED_AT) values (29,'General Repair (GR)',null,0,to_date('09-JUL-19','DD-MON-RR'),to_date('18-JUL-19','DD-MON-RR'));
REM INSERTING into UHF.WORKSHOP
SET DEFINE OFF;
Insert into UHF.WORKSHOP (TITLE,DESCRIPTION,STATUS,CREATED_AT,UPDATED_AT,ID) values ('Honda Service Dealership',null,1,to_date('22-JUL-19','DD-MON-RR'),null,3);
Insert into UHF.WORKSHOP (TITLE,DESCRIPTION,STATUS,CREATED_AT,UPDATED_AT,ID) values ('Service Station',null,1,to_date('22-JUL-19','DD-MON-RR'),null,4);
Insert into UHF.WORKSHOP (TITLE,DESCRIPTION,STATUS,CREATED_AT,UPDATED_AT,ID) values ('Wheel Alignment',null,1,to_date('22-JUL-19','DD-MON-RR'),null,7);
Insert into UHF.WORKSHOP (TITLE,DESCRIPTION,STATUS,CREATED_AT,UPDATED_AT,ID) values ('Wheel Alignment ',null,1,to_date('22-JUL-19','DD-MON-RR'),null,6);
Insert into UHF.WORKSHOP (TITLE,DESCRIPTION,STATUS,CREATED_AT,UPDATED_AT,ID) values ('Honda Sales Dealership',null,1,to_date('22-JUL-19','DD-MON-RR'),null,1);
Insert into UHF.WORKSHOP (TITLE,DESCRIPTION,STATUS,CREATED_AT,UPDATED_AT,ID) values ('Honda Parts Dealership ',null,1,to_date('22-JUL-19','DD-MON-RR'),null,2);
--------------------------------------------------------
--  DDL for Index CITY_PK
--------------------------------------------------------

  CREATE UNIQUE INDEX "UHF"."CITY_PK" ON "UHF"."CITY" ("ID") 
  PCTFREE 10 INITRANS 2 MAXTRANS 255 COMPUTE STATISTICS NOLOGGING 
  STORAGE(INITIAL 65536 NEXT 1048576 MINEXTENTS 1 MAXEXTENTS 2147483645
  PCTINCREASE 0 FREELISTS 1 FREELIST GROUPS 1
  BUFFER_POOL DEFAULT FLASH_CACHE DEFAULT CELL_FLASH_CACHE DEFAULT)
  TABLESPACE "EXAMPLE" ;
--------------------------------------------------------
--  DDL for Index ACCESSORIES_PK
--------------------------------------------------------

  CREATE UNIQUE INDEX "UHF"."ACCESSORIES_PK" ON "UHF"."ACCESSORIES" ("ID") 
  PCTFREE 10 INITRANS 2 MAXTRANS 255 COMPUTE STATISTICS NOLOGGING 
  STORAGE(INITIAL 65536 NEXT 1048576 MINEXTENTS 1 MAXEXTENTS 2147483645
  PCTINCREASE 0 FREELISTS 1 FREELIST GROUPS 1
  BUFFER_POOL DEFAULT FLASH_CACHE DEFAULT CELL_FLASH_CACHE DEFAULT)
  TABLESPACE "EXAMPLE" ;
--------------------------------------------------------
--  DDL for Index COLOR_PK
--------------------------------------------------------

  CREATE UNIQUE INDEX "UHF"."COLOR_PK" ON "UHF"."COLOR" ("ID") 
  PCTFREE 10 INITRANS 2 MAXTRANS 255 COMPUTE STATISTICS NOLOGGING 
  STORAGE(INITIAL 65536 NEXT 1048576 MINEXTENTS 1 MAXEXTENTS 2147483645
  PCTINCREASE 0 FREELISTS 1 FREELIST GROUPS 1
  BUFFER_POOL DEFAULT FLASH_CACHE DEFAULT CELL_FLASH_CACHE DEFAULT)
  TABLESPACE "EXAMPLE" ;
--------------------------------------------------------
--  DDL for Index CUSTOMER_DETAILS_PK
--------------------------------------------------------

  CREATE UNIQUE INDEX "UHF"."CUSTOMER_DETAILS_PK" ON "UHF"."CUSTOMER_DETAILS" ("ID") 
  PCTFREE 10 INITRANS 2 MAXTRANS 255 COMPUTE STATISTICS NOLOGGING 
  STORAGE(INITIAL 65536 NEXT 1048576 MINEXTENTS 1 MAXEXTENTS 2147483645
  PCTINCREASE 0 FREELISTS 1 FREELIST GROUPS 1
  BUFFER_POOL DEFAULT FLASH_CACHE DEFAULT CELL_FLASH_CACHE DEFAULT)
  TABLESPACE "EXAMPLE" ;
--------------------------------------------------------
--  DDL for Index CUSTOMER_VEHICLES_PK
--------------------------------------------------------

  CREATE UNIQUE INDEX "UHF"."CUSTOMER_VEHICLES_PK" ON "UHF"."CUSTOMER_VEHICLES" ("ID") 
  PCTFREE 10 INITRANS 2 MAXTRANS 255 COMPUTE STATISTICS NOLOGGING 
  STORAGE(INITIAL 65536 NEXT 1048576 MINEXTENTS 1 MAXEXTENTS 2147483645
  PCTINCREASE 0 FREELISTS 1 FREELIST GROUPS 1
  BUFFER_POOL DEFAULT FLASH_CACHE DEFAULT CELL_FLASH_CACHE DEFAULT)
  TABLESPACE "EXAMPLE" ;
--------------------------------------------------------
--  DDL for Index TABLE1_PK
--------------------------------------------------------

  CREATE UNIQUE INDEX "UHF"."TABLE1_PK" ON "UHF"."DEALER_DETAILS" ("ID") 
  PCTFREE 10 INITRANS 2 MAXTRANS 255 COMPUTE STATISTICS NOLOGGING 
  STORAGE(INITIAL 65536 NEXT 1048576 MINEXTENTS 1 MAXEXTENTS 2147483645
  PCTINCREASE 0 FREELISTS 1 FREELIST GROUPS 1
  BUFFER_POOL DEFAULT FLASH_CACHE DEFAULT CELL_FLASH_CACHE DEFAULT)
  TABLESPACE "EXAMPLE" ;
--------------------------------------------------------
--  DDL for Index DEALER_DEVICES_PK
--------------------------------------------------------

  CREATE UNIQUE INDEX "UHF"."DEALER_DEVICES_PK" ON "UHF"."DEALER_DEVICES" ("ID") 
  PCTFREE 10 INITRANS 2 MAXTRANS 255 COMPUTE STATISTICS NOLOGGING 
  STORAGE(INITIAL 65536 NEXT 1048576 MINEXTENTS 1 MAXEXTENTS 2147483645
  PCTINCREASE 0 FREELISTS 1 FREELIST GROUPS 1
  BUFFER_POOL DEFAULT FLASH_CACHE DEFAULT CELL_FLASH_CACHE DEFAULT)
  TABLESPACE "EXAMPLE" ;
--------------------------------------------------------
--  DDL for Index DEALER_MISC_PK
--------------------------------------------------------

  CREATE UNIQUE INDEX "UHF"."DEALER_MISC_PK" ON "UHF"."DEALER_MISC" ("ID") 
  PCTFREE 10 INITRANS 2 MAXTRANS 255 COMPUTE STATISTICS NOLOGGING 
  STORAGE(INITIAL 65536 NEXT 1048576 MINEXTENTS 1 MAXEXTENTS 2147483645
  PCTINCREASE 0 FREELISTS 1 FREELIST GROUPS 1
  BUFFER_POOL DEFAULT FLASH_CACHE DEFAULT CELL_FLASH_CACHE DEFAULT)
  TABLESPACE "EXAMPLE" ;
--------------------------------------------------------
--  DDL for Index DEALER_SPECIAL_PK
--------------------------------------------------------

  CREATE UNIQUE INDEX "UHF"."DEALER_SPECIAL_PK" ON "UHF"."DEALER_SPECIAL" ("ID") 
  PCTFREE 10 INITRANS 2 MAXTRANS 255 COMPUTE STATISTICS NOLOGGING 
  STORAGE(INITIAL 65536 NEXT 1048576 MINEXTENTS 1 MAXEXTENTS 2147483645
  PCTINCREASE 0 FREELISTS 1 FREELIST GROUPS 1
  BUFFER_POOL DEFAULT FLASH_CACHE DEFAULT CELL_FLASH_CACHE DEFAULT)
  TABLESPACE "EXAMPLE" ;
--------------------------------------------------------
--  DDL for Index DEALER_WORKSHOP_PK
--------------------------------------------------------

  CREATE UNIQUE INDEX "UHF"."DEALER_WORKSHOP_PK" ON "UHF"."DEALER_WORKSHOP" ("ID") 
  PCTFREE 10 INITRANS 2 MAXTRANS 255 COMPUTE STATISTICS NOLOGGING 
  STORAGE(INITIAL 65536 NEXT 1048576 MINEXTENTS 1 MAXEXTENTS 2147483645
  PCTINCREASE 0 FREELISTS 1 FREELIST GROUPS 1
  BUFFER_POOL DEFAULT FLASH_CACHE DEFAULT CELL_FLASH_CACHE DEFAULT)
  TABLESPACE "EXAMPLE" ;
--------------------------------------------------------
--  DDL for Index DEALERSHIP_GROUP_PK
--------------------------------------------------------

  CREATE UNIQUE INDEX "UHF"."DEALERSHIP_GROUP_PK" ON "UHF"."DEALERSHIP_GROUP" ("ID") 
  PCTFREE 10 INITRANS 2 MAXTRANS 255 COMPUTE STATISTICS NOLOGGING 
  STORAGE(INITIAL 65536 NEXT 1048576 MINEXTENTS 1 MAXEXTENTS 2147483645
  PCTINCREASE 0 FREELISTS 1 FREELIST GROUPS 1
  BUFFER_POOL DEFAULT FLASH_CACHE DEFAULT CELL_FLASH_CACHE DEFAULT)
  TABLESPACE "EXAMPLE" ;
--------------------------------------------------------
--  DDL for Index DEVICES_PK
--------------------------------------------------------

  CREATE UNIQUE INDEX "UHF"."DEVICES_PK" ON "UHF"."DEVICES" ("ID") 
  PCTFREE 10 INITRANS 2 MAXTRANS 255 COMPUTE STATISTICS NOLOGGING 
  STORAGE(INITIAL 65536 NEXT 1048576 MINEXTENTS 1 MAXEXTENTS 2147483645
  PCTINCREASE 0 FREELISTS 1 FREELIST GROUPS 1
  BUFFER_POOL DEFAULT FLASH_CACHE DEFAULT CELL_FLASH_CACHE DEFAULT)
  TABLESPACE "EXAMPLE" ;
--------------------------------------------------------
--  DDL for Index EDUCATION_PK
--------------------------------------------------------

  CREATE UNIQUE INDEX "UHF"."EDUCATION_PK" ON "UHF"."EDUCATION" ("ID") 
  PCTFREE 10 INITRANS 2 MAXTRANS 255 COMPUTE STATISTICS NOLOGGING 
  STORAGE(INITIAL 65536 NEXT 1048576 MINEXTENTS 1 MAXEXTENTS 2147483645
  PCTINCREASE 0 FREELISTS 1 FREELIST GROUPS 1
  BUFFER_POOL DEFAULT FLASH_CACHE DEFAULT CELL_FLASH_CACHE DEFAULT)
  TABLESPACE "EXAMPLE" ;
--------------------------------------------------------
--  DDL for Index JOB_ACCESSORIES_PK
--------------------------------------------------------

  CREATE UNIQUE INDEX "UHF"."JOB_ACCESSORIES_PK" ON "UHF"."JOB_ACCESSORIES" ("ID") 
  PCTFREE 10 INITRANS 2 MAXTRANS 255 COMPUTE STATISTICS NOLOGGING 
  STORAGE(INITIAL 65536 NEXT 1048576 MINEXTENTS 1 MAXEXTENTS 2147483645
  PCTINCREASE 0 FREELISTS 1 FREELIST GROUPS 1
  BUFFER_POOL DEFAULT FLASH_CACHE DEFAULT CELL_FLASH_CACHE DEFAULT)
  TABLESPACE "EXAMPLE" ;
--------------------------------------------------------
--  DDL for Index JOB_CARD_PK
--------------------------------------------------------

  CREATE UNIQUE INDEX "UHF"."JOB_CARD_PK" ON "UHF"."JOB_CARD" ("ID") 
  PCTFREE 10 INITRANS 2 MAXTRANS 255 COMPUTE STATISTICS NOLOGGING 
  STORAGE(INITIAL 65536 NEXT 1048576 MINEXTENTS 1 MAXEXTENTS 2147483645
  PCTINCREASE 0 FREELISTS 1 FREELIST GROUPS 1
  BUFFER_POOL DEFAULT FLASH_CACHE DEFAULT CELL_FLASH_CACHE DEFAULT)
  TABLESPACE "EXAMPLE" ;
--------------------------------------------------------
--  DDL for Index JOB_SERVICES_PK
--------------------------------------------------------

  CREATE UNIQUE INDEX "UHF"."JOB_SERVICES_PK" ON "UHF"."JOB_SERVICES" ("ID") 
  PCTFREE 10 INITRANS 2 MAXTRANS 255 COMPUTE STATISTICS NOLOGGING 
  STORAGE(INITIAL 65536 NEXT 1048576 MINEXTENTS 1 MAXEXTENTS 2147483645
  PCTINCREASE 0 FREELISTS 1 FREELIST GROUPS 1
  BUFFER_POOL DEFAULT FLASH_CACHE DEFAULT CELL_FLASH_CACHE DEFAULT)
  TABLESPACE "EXAMPLE" ;
--------------------------------------------------------
--  DDL for Index JOB_STAFF_ASSIGNED_PK
--------------------------------------------------------

  CREATE UNIQUE INDEX "UHF"."JOB_STAFF_ASSIGNED_PK" ON "UHF"."JOB_STAFF_ASSIGNED" ("ID") 
  PCTFREE 10 INITRANS 2 MAXTRANS 255 COMPUTE STATISTICS NOLOGGING 
  STORAGE(INITIAL 65536 NEXT 1048576 MINEXTENTS 1 MAXEXTENTS 2147483645
  PCTINCREASE 0 FREELISTS 1 FREELIST GROUPS 1
  BUFFER_POOL DEFAULT FLASH_CACHE DEFAULT CELL_FLASH_CACHE DEFAULT)
  TABLESPACE "EXAMPLE" ;
--------------------------------------------------------
--  DDL for Index JOB_VISIT_PK
--------------------------------------------------------

  CREATE UNIQUE INDEX "UHF"."JOB_VISIT_PK" ON "UHF"."JOB_VISIT" ("ID") 
  PCTFREE 10 INITRANS 2 MAXTRANS 255 COMPUTE STATISTICS NOLOGGING 
  STORAGE(INITIAL 65536 NEXT 1048576 MINEXTENTS 1 MAXEXTENTS 2147483645
  PCTINCREASE 0 FREELISTS 1 FREELIST GROUPS 1
  BUFFER_POOL DEFAULT FLASH_CACHE DEFAULT CELL_FLASH_CACHE DEFAULT)
  TABLESPACE "EXAMPLE" ;
--------------------------------------------------------
--  DDL for Index MISCELLANEOUSTOOLS_PK
--------------------------------------------------------

  CREATE UNIQUE INDEX "UHF"."MISCELLANEOUSTOOLS_PK" ON "UHF"."MISCELLANEOUSTOOLS" ("ID") 
  PCTFREE 10 INITRANS 2 MAXTRANS 255 COMPUTE STATISTICS NOLOGGING 
  STORAGE(INITIAL 65536 NEXT 1048576 MINEXTENTS 1 MAXEXTENTS 2147483645
  PCTINCREASE 0 FREELISTS 1 FREELIST GROUPS 1
  BUFFER_POOL DEFAULT FLASH_CACHE DEFAULT CELL_FLASH_CACHE DEFAULT)
  TABLESPACE "EXAMPLE" ;
--------------------------------------------------------
--  DDL for Index MODEL_PK
--------------------------------------------------------

  CREATE UNIQUE INDEX "UHF"."MODEL_PK" ON "UHF"."MODEL" ("ID") 
  PCTFREE 10 INITRANS 2 MAXTRANS 255 COMPUTE STATISTICS NOLOGGING 
  STORAGE(INITIAL 65536 NEXT 1048576 MINEXTENTS 1 MAXEXTENTS 2147483645
  PCTINCREASE 0 FREELISTS 1 FREELIST GROUPS 1
  BUFFER_POOL DEFAULT FLASH_CACHE DEFAULT CELL_FLASH_CACHE DEFAULT)
  TABLESPACE "EXAMPLE" ;
--------------------------------------------------------
--  DDL for Index SERVICES_PK
--------------------------------------------------------

  CREATE UNIQUE INDEX "UHF"."SERVICES_PK" ON "UHF"."SERVICES" ("ID") 
  PCTFREE 10 INITRANS 2 MAXTRANS 255 COMPUTE STATISTICS NOLOGGING 
  STORAGE(INITIAL 65536 NEXT 1048576 MINEXTENTS 1 MAXEXTENTS 2147483645
  PCTINCREASE 0 FREELISTS 1 FREELIST GROUPS 1
  BUFFER_POOL DEFAULT FLASH_CACHE DEFAULT CELL_FLASH_CACHE DEFAULT)
  TABLESPACE "EXAMPLE" ;
--------------------------------------------------------
--  DDL for Index REGIONS_PK
--------------------------------------------------------

  CREATE UNIQUE INDEX "UHF"."REGIONS_PK" ON "UHF"."REGIONS" ("ID") 
  PCTFREE 10 INITRANS 2 MAXTRANS 255 COMPUTE STATISTICS NOLOGGING 
  STORAGE(INITIAL 65536 NEXT 1048576 MINEXTENTS 1 MAXEXTENTS 2147483645
  PCTINCREASE 0 FREELISTS 1 FREELIST GROUPS 1
  BUFFER_POOL DEFAULT FLASH_CACHE DEFAULT CELL_FLASH_CACHE DEFAULT)
  TABLESPACE "EXAMPLE" ;
--------------------------------------------------------
--  DDL for Index SKILLS_PK
--------------------------------------------------------

  CREATE UNIQUE INDEX "UHF"."SKILLS_PK" ON "UHF"."SKILLS" ("ID") 
  PCTFREE 10 INITRANS 2 MAXTRANS 255 COMPUTE STATISTICS NOLOGGING 
  STORAGE(INITIAL 65536 NEXT 1048576 MINEXTENTS 1 MAXEXTENTS 2147483645
  PCTINCREASE 0 FREELISTS 1 FREELIST GROUPS 1
  BUFFER_POOL DEFAULT FLASH_CACHE DEFAULT CELL_FLASH_CACHE DEFAULT)
  TABLESPACE "EXAMPLE" ;
--------------------------------------------------------
--  DDL for Index SPECIALTOOLS_PK
--------------------------------------------------------

  CREATE UNIQUE INDEX "UHF"."SPECIALTOOLS_PK" ON "UHF"."SPECIALTOOLS" ("ID") 
  PCTFREE 10 INITRANS 2 MAXTRANS 255 COMPUTE STATISTICS NOLOGGING 
  STORAGE(INITIAL 65536 NEXT 1048576 MINEXTENTS 1 MAXEXTENTS 2147483645
  PCTINCREASE 0 FREELISTS 1 FREELIST GROUPS 1
  BUFFER_POOL DEFAULT FLASH_CACHE DEFAULT CELL_FLASH_CACHE DEFAULT)
  TABLESPACE "EXAMPLE" ;
--------------------------------------------------------
--  DDL for Index STAFF_PK
--------------------------------------------------------

  CREATE UNIQUE INDEX "UHF"."STAFF_PK" ON "UHF"."STAFF" ("ID") 
  PCTFREE 10 INITRANS 2 MAXTRANS 255 COMPUTE STATISTICS NOLOGGING 
  STORAGE(INITIAL 65536 NEXT 1048576 MINEXTENTS 1 MAXEXTENTS 2147483645
  PCTINCREASE 0 FREELISTS 1 FREELIST GROUPS 1
  BUFFER_POOL DEFAULT FLASH_CACHE DEFAULT CELL_FLASH_CACHE DEFAULT)
  TABLESPACE "EXAMPLE" ;
--------------------------------------------------------
--  DDL for Index STAFF_EMPLOYMENT_TRACK_PK
--------------------------------------------------------

  CREATE UNIQUE INDEX "UHF"."STAFF_EMPLOYMENT_TRACK_PK" ON "UHF"."STAFF_EMPLOYMENT_TRACK" ("ID") 
  PCTFREE 10 INITRANS 2 MAXTRANS 255 COMPUTE STATISTICS NOLOGGING 
  STORAGE(INITIAL 65536 NEXT 1048576 MINEXTENTS 1 MAXEXTENTS 2147483645
  PCTINCREASE 0 FREELISTS 1 FREELIST GROUPS 1
  BUFFER_POOL DEFAULT FLASH_CACHE DEFAULT CELL_FLASH_CACHE DEFAULT)
  TABLESPACE "EXAMPLE" ;
--------------------------------------------------------
--  DDL for Index STAFF_SKILLS_PK
--------------------------------------------------------

  CREATE UNIQUE INDEX "UHF"."STAFF_SKILLS_PK" ON "UHF"."STAFF_SKILLS" ("ID") 
  PCTFREE 10 INITRANS 2 MAXTRANS 255 COMPUTE STATISTICS NOLOGGING 
  STORAGE(INITIAL 65536 NEXT 1048576 MINEXTENTS 1 MAXEXTENTS 2147483645
  PCTINCREASE 0 FREELISTS 1 FREELIST GROUPS 1
  BUFFER_POOL DEFAULT FLASH_CACHE DEFAULT CELL_FLASH_CACHE DEFAULT)
  TABLESPACE "EXAMPLE" ;
--------------------------------------------------------
--  DDL for Index STAFF_TRAINING_PK
--------------------------------------------------------

  CREATE UNIQUE INDEX "UHF"."STAFF_TRAINING_PK" ON "UHF"."STAFF_TRAINING" ("ID") 
  PCTFREE 10 INITRANS 2 MAXTRANS 255 COMPUTE STATISTICS NOLOGGING 
  STORAGE(INITIAL 65536 NEXT 1048576 MINEXTENTS 1 MAXEXTENTS 2147483645
  PCTINCREASE 0 FREELISTS 1 FREELIST GROUPS 1
  BUFFER_POOL DEFAULT FLASH_CACHE DEFAULT CELL_FLASH_CACHE DEFAULT)
  TABLESPACE "EXAMPLE" ;
--------------------------------------------------------
--  DDL for Index TERRITORY_PK
--------------------------------------------------------

  CREATE UNIQUE INDEX "UHF"."TERRITORY_PK" ON "UHF"."TERRITORY" ("ID") 
  PCTFREE 10 INITRANS 2 MAXTRANS 255 COMPUTE STATISTICS NOLOGGING 
  STORAGE(INITIAL 65536 NEXT 1048576 MINEXTENTS 1 MAXEXTENTS 2147483645
  PCTINCREASE 0 FREELISTS 1 FREELIST GROUPS 1
  BUFFER_POOL DEFAULT FLASH_CACHE DEFAULT CELL_FLASH_CACHE DEFAULT)
  TABLESPACE "EXAMPLE" ;
--------------------------------------------------------
--  DDL for Index TRAINING_PK
--------------------------------------------------------

  CREATE UNIQUE INDEX "UHF"."TRAINING_PK" ON "UHF"."TRAINING" ("ID") 
  PCTFREE 10 INITRANS 2 MAXTRANS 255 COMPUTE STATISTICS NOLOGGING 
  STORAGE(INITIAL 65536 NEXT 1048576 MINEXTENTS 1 MAXEXTENTS 2147483645
  PCTINCREASE 0 FREELISTS 1 FREELIST GROUPS 1
  BUFFER_POOL DEFAULT FLASH_CACHE DEFAULT CELL_FLASH_CACHE DEFAULT)
  TABLESPACE "EXAMPLE" ;
--------------------------------------------------------
--  DDL for Index USER_ROLE_PK
--------------------------------------------------------

  CREATE UNIQUE INDEX "UHF"."USER_ROLE_PK" ON "UHF"."USER_ROLE" ("ID") 
  PCTFREE 10 INITRANS 2 MAXTRANS 255 COMPUTE STATISTICS NOLOGGING 
  STORAGE(INITIAL 65536 NEXT 1048576 MINEXTENTS 1 MAXEXTENTS 2147483645
  PCTINCREASE 0 FREELISTS 1 FREELIST GROUPS 1
  BUFFER_POOL DEFAULT FLASH_CACHE DEFAULT CELL_FLASH_CACHE DEFAULT)
  TABLESPACE "EXAMPLE" ;
--------------------------------------------------------
--  DDL for Index USERS_PK
--------------------------------------------------------

  CREATE UNIQUE INDEX "UHF"."USERS_PK" ON "UHF"."USERS" ("ID") 
  PCTFREE 10 INITRANS 2 MAXTRANS 255 COMPUTE STATISTICS NOLOGGING 
  STORAGE(INITIAL 65536 NEXT 1048576 MINEXTENTS 1 MAXEXTENTS 2147483645
  PCTINCREASE 0 FREELISTS 1 FREELIST GROUPS 1
  BUFFER_POOL DEFAULT FLASH_CACHE DEFAULT CELL_FLASH_CACHE DEFAULT)
  TABLESPACE "EXAMPLE" ;
--------------------------------------------------------
--  DDL for Index VISIT_TYPE_PK
--------------------------------------------------------

  CREATE UNIQUE INDEX "UHF"."VISIT_TYPE_PK" ON "UHF"."VISIT_TYPE" ("ID") 
  PCTFREE 10 INITRANS 2 MAXTRANS 255 COMPUTE STATISTICS NOLOGGING 
  STORAGE(INITIAL 65536 NEXT 1048576 MINEXTENTS 1 MAXEXTENTS 2147483645
  PCTINCREASE 0 FREELISTS 1 FREELIST GROUPS 1
  BUFFER_POOL DEFAULT FLASH_CACHE DEFAULT CELL_FLASH_CACHE DEFAULT)
  TABLESPACE "EXAMPLE" ;
--------------------------------------------------------
--  DDL for Index WORKSHOP_PK
--------------------------------------------------------

  CREATE UNIQUE INDEX "UHF"."WORKSHOP_PK" ON "UHF"."WORKSHOP" ("ID") 
  PCTFREE 10 INITRANS 2 MAXTRANS 255 COMPUTE STATISTICS NOLOGGING 
  STORAGE(INITIAL 65536 NEXT 1048576 MINEXTENTS 1 MAXEXTENTS 2147483645
  PCTINCREASE 0 FREELISTS 1 FREELIST GROUPS 1
  BUFFER_POOL DEFAULT FLASH_CACHE DEFAULT CELL_FLASH_CACHE DEFAULT)
  TABLESPACE "EXAMPLE" ;
--------------------------------------------------------
--  DDL for Trigger CITY_TRG
--------------------------------------------------------

  CREATE OR REPLACE NONEDITIONABLE TRIGGER "UHF"."CITY_TRG" 
BEFORE INSERT ON UHF.CITY 
FOR EACH ROW 
BEGIN
  <<COLUMN_SEQUENCES>>
  BEGIN
    IF INSERTING AND :NEW.ID IS NULL THEN
      SELECT CITY_SEQ.NEXTVAL INTO :NEW.ID FROM SYS.DUAL;
    END IF;
  END COLUMN_SEQUENCES;
END;
/
ALTER TRIGGER "UHF"."CITY_TRG" ENABLE;
--------------------------------------------------------
--  DDL for Trigger ACCESSORIES_TRG
--------------------------------------------------------

  CREATE OR REPLACE NONEDITIONABLE TRIGGER "UHF"."ACCESSORIES_TRG" 
BEFORE INSERT ON UHF.ACCESSORIES
FOR EACH ROW
BEGIN
 <<COLUMN_SEQUENCES>>
 BEGIN
   NULL;
 END COLUMN_SEQUENCES;
END;

/
ALTER TRIGGER "UHF"."ACCESSORIES_TRG" ENABLE;
--------------------------------------------------------
--  DDL for Trigger COLOR_TRG
--------------------------------------------------------

  CREATE OR REPLACE NONEDITIONABLE TRIGGER "UHF"."COLOR_TRG" 
BEFORE INSERT ON UHF.COLOR 
FOR EACH ROW 
BEGIN
  <<COLUMN_SEQUENCES>>
  BEGIN
    IF INSERTING AND :NEW.ID IS NULL THEN
      SELECT COLOR_SEQ.NEXTVAL INTO :NEW.ID FROM SYS.DUAL;
    END IF;
  END COLUMN_SEQUENCES;
END;
/
ALTER TRIGGER "UHF"."COLOR_TRG" ENABLE;
--------------------------------------------------------
--  DDL for Trigger CUSTOMER_DETAILS_TRG
--------------------------------------------------------

  CREATE OR REPLACE NONEDITIONABLE TRIGGER "UHF"."CUSTOMER_DETAILS_TRG" 
BEFORE INSERT ON UHF.CUSTOMER_DETAILS 
FOR EACH ROW 
BEGIN
  <<COLUMN_SEQUENCES>>
  BEGIN
    IF INSERTING AND :NEW.ID IS NULL THEN
      SELECT CUSTOMER_DETAILS_SEQ.NEXTVAL INTO :NEW.ID FROM SYS.DUAL;
    END IF;
  END COLUMN_SEQUENCES;
END;
/
ALTER TRIGGER "UHF"."CUSTOMER_DETAILS_TRG" ENABLE;
--------------------------------------------------------
--  DDL for Trigger CUSTOMER_VEHICLES_TRG
--------------------------------------------------------

  CREATE OR REPLACE NONEDITIONABLE TRIGGER "UHF"."CUSTOMER_VEHICLES_TRG" 
BEFORE INSERT ON UHF.CUSTOMER_VEHICLES 
FOR EACH ROW 
BEGIN
  <<COLUMN_SEQUENCES>>
  BEGIN
    IF INSERTING AND :NEW.ID IS NULL THEN
      SELECT CUSTOMER_VEHICLES_SEQ.NEXTVAL INTO :NEW.ID FROM SYS.DUAL;
    END IF;
  END COLUMN_SEQUENCES;
END;
/
ALTER TRIGGER "UHF"."CUSTOMER_VEHICLES_TRG" ENABLE;
--------------------------------------------------------
--  DDL for Trigger TABLE1_TRG
--------------------------------------------------------

  CREATE OR REPLACE NONEDITIONABLE TRIGGER "UHF"."TABLE1_TRG" 
BEFORE INSERT ON UHF.DEALER_DETAILS 
FOR EACH ROW 
BEGIN
  <<COLUMN_SEQUENCES>>
  BEGIN
    NULL;
  END COLUMN_SEQUENCES;
END;
/
ALTER TRIGGER "UHF"."TABLE1_TRG" ENABLE;
--------------------------------------------------------
--  DDL for Trigger DEALER_DETAILS_TRG
--------------------------------------------------------

  CREATE OR REPLACE NONEDITIONABLE TRIGGER "UHF"."DEALER_DETAILS_TRG" 
BEFORE INSERT ON UHF.DEALER_DETAILS 
FOR EACH ROW 
BEGIN
  <<COLUMN_SEQUENCES>>
  BEGIN
    IF INSERTING AND :NEW.ID IS NULL THEN
      SELECT DEALER_DETAILS_SEQ.NEXTVAL INTO :NEW.ID FROM SYS.DUAL;
    END IF;
  END COLUMN_SEQUENCES;
END;
/
ALTER TRIGGER "UHF"."DEALER_DETAILS_TRG" ENABLE;
--------------------------------------------------------
--  DDL for Trigger DEALER_DEVICES_TRG
--------------------------------------------------------

  CREATE OR REPLACE NONEDITIONABLE TRIGGER "UHF"."DEALER_DEVICES_TRG" 
BEFORE INSERT ON UHF.DEALER_DEVICES 
FOR EACH ROW 
BEGIN
  <<COLUMN_SEQUENCES>>
  BEGIN
    IF INSERTING AND :NEW.ID IS NULL THEN
      SELECT DEALER_DEVICES_SEQ.NEXTVAL INTO :NEW.ID FROM SYS.DUAL;
    END IF;
  END COLUMN_SEQUENCES;
END;
/
ALTER TRIGGER "UHF"."DEALER_DEVICES_TRG" ENABLE;
--------------------------------------------------------
--  DDL for Trigger DEALER_MISC_TRG
--------------------------------------------------------

  CREATE OR REPLACE NONEDITIONABLE TRIGGER "UHF"."DEALER_MISC_TRG" 
BEFORE INSERT ON UHF.DEALER_MISC 
FOR EACH ROW 
BEGIN
  <<COLUMN_SEQUENCES>>
  BEGIN
    IF INSERTING AND :NEW.ID IS NULL THEN
      SELECT DEALER_MISC_SEQ.NEXTVAL INTO :NEW.ID FROM SYS.DUAL;
    END IF;
  END COLUMN_SEQUENCES;
END;
/
ALTER TRIGGER "UHF"."DEALER_MISC_TRG" ENABLE;
--------------------------------------------------------
--  DDL for Trigger DEALER_SPECIAL_TRG
--------------------------------------------------------

  CREATE OR REPLACE NONEDITIONABLE TRIGGER "UHF"."DEALER_SPECIAL_TRG" 
BEFORE INSERT ON UHF.DEALER_SPECIAL 
FOR EACH ROW 
BEGIN
  <<COLUMN_SEQUENCES>>
  BEGIN
    IF INSERTING AND :NEW.ID IS NULL THEN
      SELECT DEALER_SPECIAL_SEQ.NEXTVAL INTO :NEW.ID FROM SYS.DUAL;
    END IF;
  END COLUMN_SEQUENCES;
END;
/
ALTER TRIGGER "UHF"."DEALER_SPECIAL_TRG" ENABLE;
--------------------------------------------------------
--  DDL for Trigger DEALER_WORKSHOP_TRG
--------------------------------------------------------

  CREATE OR REPLACE NONEDITIONABLE TRIGGER "UHF"."DEALER_WORKSHOP_TRG" 
BEFORE INSERT ON UHF.DEALER_WORKSHOP 
FOR EACH ROW 
BEGIN
  <<COLUMN_SEQUENCES>>
  BEGIN
    IF INSERTING AND :NEW.ID IS NULL THEN
      SELECT DEALER_WORKSHOP_SEQ.NEXTVAL INTO :NEW.ID FROM SYS.DUAL;
    END IF;
  END COLUMN_SEQUENCES;
END;
/
ALTER TRIGGER "UHF"."DEALER_WORKSHOP_TRG" ENABLE;
--------------------------------------------------------
--  DDL for Trigger DEALERSHIP_GROUP_TRG
--------------------------------------------------------

  CREATE OR REPLACE NONEDITIONABLE TRIGGER "UHF"."DEALERSHIP_GROUP_TRG" 
BEFORE INSERT ON UHF.DEALERSHIP_GROUP 
FOR EACH ROW 
BEGIN
  <<COLUMN_SEQUENCES>>
  BEGIN
    IF INSERTING AND :NEW.ID IS NULL THEN
      SELECT DEALERSHIP_GROUP_SEQ.NEXTVAL INTO :NEW.ID FROM SYS.DUAL;
    END IF;
  END COLUMN_SEQUENCES;
END;
/
ALTER TRIGGER "UHF"."DEALERSHIP_GROUP_TRG" ENABLE;
--------------------------------------------------------
--  DDL for Trigger DEVICES_TRG
--------------------------------------------------------

  CREATE OR REPLACE NONEDITIONABLE TRIGGER "UHF"."DEVICES_TRG" 
BEFORE INSERT ON UHF.DEVICES 
FOR EACH ROW 
BEGIN
  <<COLUMN_SEQUENCES>>
  BEGIN
    IF INSERTING AND :NEW.ID IS NULL THEN
      SELECT DEVICES_SEQ.NEXTVAL INTO :NEW.ID FROM SYS.DUAL;
    END IF;
  END COLUMN_SEQUENCES;
END;
/
ALTER TRIGGER "UHF"."DEVICES_TRG" ENABLE;
--------------------------------------------------------
--  DDL for Trigger EDUCATION_TRG
--------------------------------------------------------

  CREATE OR REPLACE NONEDITIONABLE TRIGGER "UHF"."EDUCATION_TRG" 
BEFORE INSERT ON UHF.EDUCATION 
FOR EACH ROW 
BEGIN
  <<COLUMN_SEQUENCES>>
  BEGIN
    IF INSERTING AND :NEW.ID IS NULL THEN
      SELECT EDUCATION_SEQ.NEXTVAL INTO :NEW.ID FROM SYS.DUAL;
    END IF;
  END COLUMN_SEQUENCES;
END;
/
ALTER TRIGGER "UHF"."EDUCATION_TRG" ENABLE;
--------------------------------------------------------
--  DDL for Trigger JOB_ACCESSORIES_TRG
--------------------------------------------------------

  CREATE OR REPLACE NONEDITIONABLE TRIGGER "UHF"."JOB_ACCESSORIES_TRG" 
BEFORE INSERT ON UHF.JOB_ACCESSORIES 
FOR EACH ROW 
BEGIN
  <<COLUMN_SEQUENCES>>
  BEGIN
    IF INSERTING AND :NEW.ID IS NULL THEN
      SELECT JOB_ACCESSORIES_SEQ.NEXTVAL INTO :NEW.ID FROM SYS.DUAL;
    END IF;
  END COLUMN_SEQUENCES;
END;
/
ALTER TRIGGER "UHF"."JOB_ACCESSORIES_TRG" ENABLE;
--------------------------------------------------------
--  DDL for Trigger JOB_CARD_TRG
--------------------------------------------------------

  CREATE OR REPLACE NONEDITIONABLE TRIGGER "UHF"."JOB_CARD_TRG" 
BEFORE INSERT ON UHF.JOB_CARD 
FOR EACH ROW 
BEGIN
  <<COLUMN_SEQUENCES>>
  BEGIN
    IF INSERTING AND :NEW.ID IS NULL THEN
      SELECT JOB_CARD_SEQ.NEXTVAL INTO :NEW.ID FROM SYS.DUAL;
    END IF;
  END COLUMN_SEQUENCES;
END;
/
ALTER TRIGGER "UHF"."JOB_CARD_TRG" ENABLE;
--------------------------------------------------------
--  DDL for Trigger JOB_SERVICES_TRG
--------------------------------------------------------

  CREATE OR REPLACE NONEDITIONABLE TRIGGER "UHF"."JOB_SERVICES_TRG" 
BEFORE INSERT ON UHF.JOB_SERVICES 
FOR EACH ROW 
BEGIN
  <<COLUMN_SEQUENCES>>
  BEGIN
    IF INSERTING AND :NEW.ID IS NULL THEN
      SELECT JOB_SERVICES_SEQ.NEXTVAL INTO :NEW.ID FROM SYS.DUAL;
    END IF;
  END COLUMN_SEQUENCES;
END;
/
ALTER TRIGGER "UHF"."JOB_SERVICES_TRG" ENABLE;
--------------------------------------------------------
--  DDL for Trigger JOB_STAFF_ASSIGNED_TRG
--------------------------------------------------------

  CREATE OR REPLACE NONEDITIONABLE TRIGGER "UHF"."JOB_STAFF_ASSIGNED_TRG" 
BEFORE INSERT ON UHF.JOB_STAFF_ASSIGNED 
FOR EACH ROW 
BEGIN
  <<COLUMN_SEQUENCES>>
  BEGIN
    IF INSERTING AND :NEW.ID IS NULL THEN
      SELECT JOB_STAFF_ASSIGNED_SEQ.NEXTVAL INTO :NEW.ID FROM SYS.DUAL;
    END IF;
  END COLUMN_SEQUENCES;
END;
/
ALTER TRIGGER "UHF"."JOB_STAFF_ASSIGNED_TRG" ENABLE;
--------------------------------------------------------
--  DDL for Trigger JOB_VISIT_TRG
--------------------------------------------------------

  CREATE OR REPLACE NONEDITIONABLE TRIGGER "UHF"."JOB_VISIT_TRG" 
BEFORE INSERT ON UHF.JOB_VISIT 
FOR EACH ROW 
BEGIN
  <<COLUMN_SEQUENCES>>
  BEGIN
    IF INSERTING AND :NEW.ID IS NULL THEN
      SELECT JOB_VISIT_SEQ.NEXTVAL INTO :NEW.ID FROM SYS.DUAL;
    END IF;
  END COLUMN_SEQUENCES;
END;
/
ALTER TRIGGER "UHF"."JOB_VISIT_TRG" ENABLE;
--------------------------------------------------------
--  DDL for Trigger MISCELLANEOUSTOOLS_TRG
--------------------------------------------------------

  CREATE OR REPLACE NONEDITIONABLE TRIGGER "UHF"."MISCELLANEOUSTOOLS_TRG" 
BEFORE INSERT ON UHF.MISCELLANEOUSTOOLS
FOR EACH ROW
BEGIN
 <<COLUMN_SEQUENCES>>
 BEGIN
   IF INSERTING AND :NEW.ID IS NULL THEN
     SELECT MISCELLANEOUSTOOLS_SEQ.NEXTVAL INTO :NEW.ID FROM SYS.DUAL;
   END IF;
 END COLUMN_SEQUENCES;
END;

/
ALTER TRIGGER "UHF"."MISCELLANEOUSTOOLS_TRG" ENABLE;
--------------------------------------------------------
--  DDL for Trigger MODEL_TRG
--------------------------------------------------------

  CREATE OR REPLACE NONEDITIONABLE TRIGGER "UHF"."MODEL_TRG" 
BEFORE INSERT ON UHF.MODEL 
FOR EACH ROW 
BEGIN
  <<COLUMN_SEQUENCES>>
  BEGIN
    IF INSERTING AND :NEW.ID IS NULL THEN
      SELECT MODEL_SEQ.NEXTVAL INTO :NEW.ID FROM SYS.DUAL;
    END IF;
  END COLUMN_SEQUENCES;
END;
/
ALTER TRIGGER "UHF"."MODEL_TRG" ENABLE;
--------------------------------------------------------
--  DDL for Trigger SERVICES_TRG
--------------------------------------------------------

  CREATE OR REPLACE NONEDITIONABLE TRIGGER "UHF"."SERVICES_TRG" 
BEFORE INSERT ON UHF.SERVICES 
FOR EACH ROW 
BEGIN
  <<COLUMN_SEQUENCES>>
  BEGIN
    NULL;
  END COLUMN_SEQUENCES;
END;
/
ALTER TRIGGER "UHF"."SERVICES_TRG" ENABLE;
--------------------------------------------------------
--  DDL for Trigger REGIONS_TRG
--------------------------------------------------------

  CREATE OR REPLACE NONEDITIONABLE TRIGGER "UHF"."REGIONS_TRG" 
BEFORE INSERT ON UHF.REGIONS 
FOR EACH ROW 
BEGIN
  <<COLUMN_SEQUENCES>>
  BEGIN
    IF INSERTING AND :NEW.ID IS NULL THEN
      SELECT REGIONS_SEQ.NEXTVAL INTO :NEW.ID FROM SYS.DUAL;
    END IF;
  END COLUMN_SEQUENCES;
END;
/
ALTER TRIGGER "UHF"."REGIONS_TRG" ENABLE;
--------------------------------------------------------
--  DDL for Trigger SKILLS_TRG
--------------------------------------------------------

  CREATE OR REPLACE NONEDITIONABLE TRIGGER "UHF"."SKILLS_TRG" 
BEFORE INSERT ON UHF.SKILLS 
FOR EACH ROW 
BEGIN
  <<COLUMN_SEQUENCES>>
  BEGIN
    IF INSERTING AND :NEW.ID IS NULL THEN
      SELECT SKILLS_SEQ.NEXTVAL INTO :NEW.ID FROM SYS.DUAL;
    END IF;
  END COLUMN_SEQUENCES;
END;
/
ALTER TRIGGER "UHF"."SKILLS_TRG" ENABLE;
--------------------------------------------------------
--  DDL for Trigger SPECIALTOOLS_TRG
--------------------------------------------------------

  CREATE OR REPLACE NONEDITIONABLE TRIGGER "UHF"."SPECIALTOOLS_TRG" 
BEFORE INSERT ON UHF.SPECIALTOOLS 
FOR EACH ROW 
BEGIN
  <<COLUMN_SEQUENCES>>
  BEGIN
    IF INSERTING AND :NEW.ID IS NULL THEN
      SELECT SPECIALTOOLS_SEQ.NEXTVAL INTO :NEW.ID FROM SYS.DUAL;
    END IF;
  END COLUMN_SEQUENCES;
END;
/
ALTER TRIGGER "UHF"."SPECIALTOOLS_TRG" ENABLE;
--------------------------------------------------------
--  DDL for Trigger STAFF_TRG
--------------------------------------------------------

  CREATE OR REPLACE NONEDITIONABLE TRIGGER "UHF"."STAFF_TRG" 
BEFORE INSERT ON UHF.STAFF 
FOR EACH ROW 
BEGIN
  <<COLUMN_SEQUENCES>>
  BEGIN
    IF INSERTING AND :NEW.ID IS NULL THEN
      SELECT STAFF_SEQ.NEXTVAL INTO :NEW.ID FROM SYS.DUAL;
    END IF;
  END COLUMN_SEQUENCES;
END;
/
ALTER TRIGGER "UHF"."STAFF_TRG" ENABLE;
--------------------------------------------------------
--  DDL for Trigger STAFF_EMPLOYMENT_TRACK_TRG
--------------------------------------------------------

  CREATE OR REPLACE NONEDITIONABLE TRIGGER "UHF"."STAFF_EMPLOYMENT_TRACK_TRG" 
BEFORE INSERT ON UHF.STAFF_EMPLOYMENT_TRACK 
FOR EACH ROW 
BEGIN
  <<COLUMN_SEQUENCES>>
  BEGIN
    IF INSERTING AND :NEW.ID IS NULL THEN
      SELECT STAFF_EMPLOYMENT_TRACK_SEQ.NEXTVAL INTO :NEW.ID FROM SYS.DUAL;
    END IF;
  END COLUMN_SEQUENCES;
END;
/
ALTER TRIGGER "UHF"."STAFF_EMPLOYMENT_TRACK_TRG" ENABLE;
--------------------------------------------------------
--  DDL for Trigger STAFF_SKILLS_TRG
--------------------------------------------------------

  CREATE OR REPLACE NONEDITIONABLE TRIGGER "UHF"."STAFF_SKILLS_TRG" 
BEFORE INSERT ON UHF.STAFF_SKILLS 
FOR EACH ROW 
BEGIN
  <<COLUMN_SEQUENCES>>
  BEGIN
    IF INSERTING AND :NEW.ID IS NULL THEN
      SELECT STAFF_SKILLS_SEQ.NEXTVAL INTO :NEW.ID FROM SYS.DUAL;
    END IF;
  END COLUMN_SEQUENCES;
END;
/
ALTER TRIGGER "UHF"."STAFF_SKILLS_TRG" ENABLE;
--------------------------------------------------------
--  DDL for Trigger STAFF_TRAINING_TRG
--------------------------------------------------------

  CREATE OR REPLACE NONEDITIONABLE TRIGGER "UHF"."STAFF_TRAINING_TRG" 
BEFORE INSERT ON UHF.STAFF_TRAINING 
FOR EACH ROW 
BEGIN
  <<COLUMN_SEQUENCES>>
  BEGIN
    IF INSERTING AND :NEW.ID IS NULL THEN
      SELECT STAFF_TRAINING_SEQ.NEXTVAL INTO :NEW.ID FROM SYS.DUAL;
    END IF;
  END COLUMN_SEQUENCES;
END;
/
ALTER TRIGGER "UHF"."STAFF_TRAINING_TRG" ENABLE;
--------------------------------------------------------
--  DDL for Trigger TERRITORY_TRG
--------------------------------------------------------

  CREATE OR REPLACE NONEDITIONABLE TRIGGER "UHF"."TERRITORY_TRG" 
BEFORE INSERT ON UHF.TERRITORY 
FOR EACH ROW 
BEGIN
  <<COLUMN_SEQUENCES>>
  BEGIN
    IF INSERTING AND :NEW.ID IS NULL THEN
      SELECT TERRITORY_SEQ.NEXTVAL INTO :NEW.ID FROM SYS.DUAL;
    END IF;
  END COLUMN_SEQUENCES;
END;
/
ALTER TRIGGER "UHF"."TERRITORY_TRG" ENABLE;
--------------------------------------------------------
--  DDL for Trigger TRAINING_TRG
--------------------------------------------------------

  CREATE OR REPLACE NONEDITIONABLE TRIGGER "UHF"."TRAINING_TRG" 
BEFORE INSERT ON UHF.TRAINING 
FOR EACH ROW 
BEGIN
  <<COLUMN_SEQUENCES>>
  BEGIN
    IF INSERTING AND :NEW.ID IS NULL THEN
      SELECT TRAINING_SEQ.NEXTVAL INTO :NEW.ID FROM SYS.DUAL;
    END IF;
  END COLUMN_SEQUENCES;
END;
/
ALTER TRIGGER "UHF"."TRAINING_TRG" ENABLE;
--------------------------------------------------------
--  DDL for Trigger USER_ROLE_TRG
--------------------------------------------------------

  CREATE OR REPLACE NONEDITIONABLE TRIGGER "UHF"."USER_ROLE_TRG" 
BEFORE INSERT ON UHF.USER_ROLE 
FOR EACH ROW 
BEGIN
  <<COLUMN_SEQUENCES>>
  BEGIN
    IF INSERTING AND :NEW.ID IS NULL THEN
      SELECT USER_ROLE_SEQ.NEXTVAL INTO :NEW.ID FROM SYS.DUAL;
    END IF;
  END COLUMN_SEQUENCES;
END;
/
ALTER TRIGGER "UHF"."USER_ROLE_TRG" ENABLE;
--------------------------------------------------------
--  DDL for Trigger USERS_TRG
--------------------------------------------------------

  CREATE OR REPLACE NONEDITIONABLE TRIGGER "UHF"."USERS_TRG" 
BEFORE INSERT ON UHF.USERS 
FOR EACH ROW 
BEGIN
  <<COLUMN_SEQUENCES>>
  BEGIN
    IF INSERTING AND :NEW.ID IS NULL THEN
      SELECT USERS_SEQ.NEXTVAL INTO :NEW.ID FROM SYS.DUAL;
    END IF;
  END COLUMN_SEQUENCES;
END;
/
ALTER TRIGGER "UHF"."USERS_TRG" ENABLE;
--------------------------------------------------------
--  DDL for Trigger VISIT_TYPE_TRG
--------------------------------------------------------

  CREATE OR REPLACE NONEDITIONABLE TRIGGER "UHF"."VISIT_TYPE_TRG" 
BEFORE INSERT ON UHF.VISIT_TYPE 
FOR EACH ROW 
BEGIN
  <<COLUMN_SEQUENCES>>
  BEGIN
    IF INSERTING AND :NEW.ID IS NULL THEN
      SELECT VISIT_TYPE_SEQ.NEXTVAL INTO :NEW.ID FROM SYS.DUAL;
    END IF;
  END COLUMN_SEQUENCES;
END;
/
ALTER TRIGGER "UHF"."VISIT_TYPE_TRG" ENABLE;
--------------------------------------------------------
--  DDL for Trigger WORKSHOP_TRG
--------------------------------------------------------

  CREATE OR REPLACE NONEDITIONABLE TRIGGER "UHF"."WORKSHOP_TRG" 
BEFORE INSERT ON UHF.WORKSHOP 
FOR EACH ROW 
BEGIN
  <<COLUMN_SEQUENCES>>
  BEGIN
    IF INSERTING AND :NEW.ID IS NULL THEN
      SELECT WORKSHOP_SEQ.NEXTVAL INTO :NEW.ID FROM SYS.DUAL;
    END IF;
  END COLUMN_SEQUENCES;
END;
/
ALTER TRIGGER "UHF"."WORKSHOP_TRG" ENABLE;
--------------------------------------------------------
--  Constraints for Table CITY
--------------------------------------------------------

  ALTER TABLE "UHF"."CITY" MODIFY ("ID" NOT NULL ENABLE);
  ALTER TABLE "UHF"."CITY" MODIFY ("TITLE" NOT NULL ENABLE);
  ALTER TABLE "UHF"."CITY" MODIFY ("CODE" NOT NULL ENABLE);
  ALTER TABLE "UHF"."CITY" MODIFY ("CREATED_AT" NOT NULL ENABLE);
  ALTER TABLE "UHF"."CITY" ADD CONSTRAINT "CITY_PK" PRIMARY KEY ("ID")
  USING INDEX PCTFREE 10 INITRANS 2 MAXTRANS 255 COMPUTE STATISTICS NOLOGGING 
  STORAGE(INITIAL 65536 NEXT 1048576 MINEXTENTS 1 MAXEXTENTS 2147483645
  PCTINCREASE 0 FREELISTS 1 FREELIST GROUPS 1
  BUFFER_POOL DEFAULT FLASH_CACHE DEFAULT CELL_FLASH_CACHE DEFAULT)
  TABLESPACE "EXAMPLE"  ENABLE;
--------------------------------------------------------
--  Constraints for Table ACCESSORIES
--------------------------------------------------------

  ALTER TABLE "UHF"."ACCESSORIES" MODIFY ("ID" NOT NULL ENABLE);
  ALTER TABLE "UHF"."ACCESSORIES" MODIFY ("TITLE" NOT NULL ENABLE);
  ALTER TABLE "UHF"."ACCESSORIES" MODIFY ("CREATED_AT" NOT NULL ENABLE);
  ALTER TABLE "UHF"."ACCESSORIES" ADD CONSTRAINT "ACCESSORIES_PK" PRIMARY KEY ("ID")
  USING INDEX PCTFREE 10 INITRANS 2 MAXTRANS 255 COMPUTE STATISTICS NOLOGGING 
  STORAGE(INITIAL 65536 NEXT 1048576 MINEXTENTS 1 MAXEXTENTS 2147483645
  PCTINCREASE 0 FREELISTS 1 FREELIST GROUPS 1
  BUFFER_POOL DEFAULT FLASH_CACHE DEFAULT CELL_FLASH_CACHE DEFAULT)
  TABLESPACE "EXAMPLE"  ENABLE;
  ALTER TABLE "UHF"."ACCESSORIES" MODIFY ("CHARGES" NOT NULL ENABLE);
--------------------------------------------------------
--  Constraints for Table COLOR
--------------------------------------------------------

  ALTER TABLE "UHF"."COLOR" MODIFY ("ID" NOT NULL ENABLE);
  ALTER TABLE "UHF"."COLOR" MODIFY ("TITLE" NOT NULL ENABLE);
  ALTER TABLE "UHF"."COLOR" MODIFY ("CREATED_AT" NOT NULL ENABLE);
  ALTER TABLE "UHF"."COLOR" ADD CONSTRAINT "COLOR_PK" PRIMARY KEY ("ID")
  USING INDEX PCTFREE 10 INITRANS 2 MAXTRANS 255 COMPUTE STATISTICS NOLOGGING 
  STORAGE(INITIAL 65536 NEXT 1048576 MINEXTENTS 1 MAXEXTENTS 2147483645
  PCTINCREASE 0 FREELISTS 1 FREELIST GROUPS 1
  BUFFER_POOL DEFAULT FLASH_CACHE DEFAULT CELL_FLASH_CACHE DEFAULT)
  TABLESPACE "EXAMPLE"  ENABLE;
--------------------------------------------------------
--  Constraints for Table CUSTOMER_DETAILS
--------------------------------------------------------

  ALTER TABLE "UHF"."CUSTOMER_DETAILS" MODIFY ("ID" NOT NULL ENABLE);
  ALTER TABLE "UHF"."CUSTOMER_DETAILS" MODIFY ("NAME" NOT NULL ENABLE);
  ALTER TABLE "UHF"."CUSTOMER_DETAILS" MODIFY ("CONTACT" NOT NULL ENABLE);
  ALTER TABLE "UHF"."CUSTOMER_DETAILS" MODIFY ("CITY_ID" NOT NULL ENABLE);
  ALTER TABLE "UHF"."CUSTOMER_DETAILS" MODIFY ("NIC" NOT NULL ENABLE);
  ALTER TABLE "UHF"."CUSTOMER_DETAILS" MODIFY ("STATUS" NOT NULL ENABLE);
  ALTER TABLE "UHF"."CUSTOMER_DETAILS" MODIFY ("CREATED_AT" NOT NULL ENABLE);
  ALTER TABLE "UHF"."CUSTOMER_DETAILS" ADD CONSTRAINT "CUSTOMER_DETAILS_PK" PRIMARY KEY ("ID")
  USING INDEX PCTFREE 10 INITRANS 2 MAXTRANS 255 COMPUTE STATISTICS NOLOGGING 
  STORAGE(INITIAL 65536 NEXT 1048576 MINEXTENTS 1 MAXEXTENTS 2147483645
  PCTINCREASE 0 FREELISTS 1 FREELIST GROUPS 1
  BUFFER_POOL DEFAULT FLASH_CACHE DEFAULT CELL_FLASH_CACHE DEFAULT)
  TABLESPACE "EXAMPLE"  ENABLE;
--------------------------------------------------------
--  Constraints for Table CUSTOMER_VEHICLES
--------------------------------------------------------

  ALTER TABLE "UHF"."CUSTOMER_VEHICLES" MODIFY ("ID" NOT NULL ENABLE);
  ALTER TABLE "UHF"."CUSTOMER_VEHICLES" MODIFY ("CUSTOMER_ID" NOT NULL ENABLE);
  ALTER TABLE "UHF"."CUSTOMER_VEHICLES" MODIFY ("MODEL_ID" NOT NULL ENABLE);
  ALTER TABLE "UHF"."CUSTOMER_VEHICLES" MODIFY ("COLOR_ID" NOT NULL ENABLE);
  ALTER TABLE "UHF"."CUSTOMER_VEHICLES" MODIFY ("CHASSIS_NO" NOT NULL ENABLE);
  ALTER TABLE "UHF"."CUSTOMER_VEHICLES" MODIFY ("REGISTRATION_NO" NOT NULL ENABLE);
  ALTER TABLE "UHF"."CUSTOMER_VEHICLES" MODIFY ("ENGINE_NO" NOT NULL ENABLE);
  ALTER TABLE "UHF"."CUSTOMER_VEHICLES" MODIFY ("PURCHASE_DATE" NOT NULL ENABLE);
  ALTER TABLE "UHF"."CUSTOMER_VEHICLES" ADD CONSTRAINT "CUSTOMER_VEHICLES_PK" PRIMARY KEY ("ID")
  USING INDEX PCTFREE 10 INITRANS 2 MAXTRANS 255 COMPUTE STATISTICS NOLOGGING 
  STORAGE(INITIAL 65536 NEXT 1048576 MINEXTENTS 1 MAXEXTENTS 2147483645
  PCTINCREASE 0 FREELISTS 1 FREELIST GROUPS 1
  BUFFER_POOL DEFAULT FLASH_CACHE DEFAULT CELL_FLASH_CACHE DEFAULT)
  TABLESPACE "EXAMPLE"  ENABLE;
--------------------------------------------------------
--  Constraints for Table DEALER_DETAILS
--------------------------------------------------------

  ALTER TABLE "UHF"."DEALER_DETAILS" MODIFY ("ID" NOT NULL ENABLE);
  ALTER TABLE "UHF"."DEALER_DETAILS" MODIFY ("USER_ID" NOT NULL ENABLE);
  ALTER TABLE "UHF"."DEALER_DETAILS" MODIFY ("NAME" NOT NULL ENABLE);
  ALTER TABLE "UHF"."DEALER_DETAILS" MODIFY ("REGION_ID" NOT NULL ENABLE);
  ALTER TABLE "UHF"."DEALER_DETAILS" MODIFY ("TERRITORY_ID" NOT NULL ENABLE);
  ALTER TABLE "UHF"."DEALER_DETAILS" MODIFY ("PHONE" NOT NULL ENABLE);
  ALTER TABLE "UHF"."DEALER_DETAILS" MODIFY ("MOBILE" NOT NULL ENABLE);
  ALTER TABLE "UHF"."DEALER_DETAILS" ADD CONSTRAINT "TABLE1_PK" PRIMARY KEY ("ID")
  USING INDEX PCTFREE 10 INITRANS 2 MAXTRANS 255 COMPUTE STATISTICS NOLOGGING 
  STORAGE(INITIAL 65536 NEXT 1048576 MINEXTENTS 1 MAXEXTENTS 2147483645
  PCTINCREASE 0 FREELISTS 1 FREELIST GROUPS 1
  BUFFER_POOL DEFAULT FLASH_CACHE DEFAULT CELL_FLASH_CACHE DEFAULT)
  TABLESPACE "EXAMPLE"  ENABLE;
--------------------------------------------------------
--  Constraints for Table DEALER_DEVICES
--------------------------------------------------------

  ALTER TABLE "UHF"."DEALER_DEVICES" MODIFY ("ID" NOT NULL ENABLE);
  ALTER TABLE "UHF"."DEALER_DEVICES" MODIFY ("DEALER_ID" NOT NULL ENABLE);
  ALTER TABLE "UHF"."DEALER_DEVICES" ADD CONSTRAINT "DEALER_DEVICES_PK" PRIMARY KEY ("ID")
  USING INDEX PCTFREE 10 INITRANS 2 MAXTRANS 255 COMPUTE STATISTICS NOLOGGING 
  STORAGE(INITIAL 65536 NEXT 1048576 MINEXTENTS 1 MAXEXTENTS 2147483645
  PCTINCREASE 0 FREELISTS 1 FREELIST GROUPS 1
  BUFFER_POOL DEFAULT FLASH_CACHE DEFAULT CELL_FLASH_CACHE DEFAULT)
  TABLESPACE "EXAMPLE"  ENABLE;
  ALTER TABLE "UHF"."DEALER_DEVICES" MODIFY ("CREATED_AT" NOT NULL ENABLE);
--------------------------------------------------------
--  Constraints for Table DEALER_MISC
--------------------------------------------------------

  ALTER TABLE "UHF"."DEALER_MISC" MODIFY ("ID" NOT NULL ENABLE);
  ALTER TABLE "UHF"."DEALER_MISC" MODIFY ("DEALER_ID" NOT NULL ENABLE);
  ALTER TABLE "UHF"."DEALER_MISC" ADD CONSTRAINT "DEALER_MISC_PK" PRIMARY KEY ("ID")
  USING INDEX PCTFREE 10 INITRANS 2 MAXTRANS 255 COMPUTE STATISTICS NOLOGGING 
  STORAGE(INITIAL 65536 NEXT 1048576 MINEXTENTS 1 MAXEXTENTS 2147483645
  PCTINCREASE 0 FREELISTS 1 FREELIST GROUPS 1
  BUFFER_POOL DEFAULT FLASH_CACHE DEFAULT CELL_FLASH_CACHE DEFAULT)
  TABLESPACE "EXAMPLE"  ENABLE;
  ALTER TABLE "UHF"."DEALER_MISC" MODIFY ("CREATED_AT" NOT NULL ENABLE);
--------------------------------------------------------
--  Constraints for Table DEALER_SPECIAL
--------------------------------------------------------

  ALTER TABLE "UHF"."DEALER_SPECIAL" MODIFY ("ID" NOT NULL ENABLE);
  ALTER TABLE "UHF"."DEALER_SPECIAL" MODIFY ("DEALER_ID" NOT NULL ENABLE);
  ALTER TABLE "UHF"."DEALER_SPECIAL" MODIFY ("CREATED_AT" NOT NULL ENABLE);
  ALTER TABLE "UHF"."DEALER_SPECIAL" ADD CONSTRAINT "DEALER_SPECIAL_PK" PRIMARY KEY ("ID")
  USING INDEX PCTFREE 10 INITRANS 2 MAXTRANS 255 COMPUTE STATISTICS NOLOGGING 
  STORAGE(INITIAL 65536 NEXT 1048576 MINEXTENTS 1 MAXEXTENTS 2147483645
  PCTINCREASE 0 FREELISTS 1 FREELIST GROUPS 1
  BUFFER_POOL DEFAULT FLASH_CACHE DEFAULT CELL_FLASH_CACHE DEFAULT)
  TABLESPACE "EXAMPLE"  ENABLE;
--------------------------------------------------------
--  Constraints for Table DEALER_WORKSHOP
--------------------------------------------------------

  ALTER TABLE "UHF"."DEALER_WORKSHOP" MODIFY ("CREATED_AT" NOT NULL ENABLE);
  ALTER TABLE "UHF"."DEALER_WORKSHOP" MODIFY ("ID" NOT NULL ENABLE);
  ALTER TABLE "UHF"."DEALER_WORKSHOP" MODIFY ("DEALER_ID" NOT NULL ENABLE);
  ALTER TABLE "UHF"."DEALER_WORKSHOP" ADD CONSTRAINT "DEALER_WORKSHOP_PK" PRIMARY KEY ("ID")
  USING INDEX PCTFREE 10 INITRANS 2 MAXTRANS 255 COMPUTE STATISTICS NOLOGGING 
  STORAGE(INITIAL 65536 NEXT 1048576 MINEXTENTS 1 MAXEXTENTS 2147483645
  PCTINCREASE 0 FREELISTS 1 FREELIST GROUPS 1
  BUFFER_POOL DEFAULT FLASH_CACHE DEFAULT CELL_FLASH_CACHE DEFAULT)
  TABLESPACE "EXAMPLE"  ENABLE;
--------------------------------------------------------
--  Constraints for Table DEALERSHIP_GROUP
--------------------------------------------------------

  ALTER TABLE "UHF"."DEALERSHIP_GROUP" MODIFY ("ID" NOT NULL ENABLE);
  ALTER TABLE "UHF"."DEALERSHIP_GROUP" MODIFY ("TITLE" NOT NULL ENABLE);
  ALTER TABLE "UHF"."DEALERSHIP_GROUP" MODIFY ("CREATED_AT" NOT NULL ENABLE);
  ALTER TABLE "UHF"."DEALERSHIP_GROUP" ADD CONSTRAINT "DEALERSHIP_GROUP_PK" PRIMARY KEY ("ID")
  USING INDEX PCTFREE 10 INITRANS 2 MAXTRANS 255 COMPUTE STATISTICS NOLOGGING 
  STORAGE(INITIAL 65536 NEXT 1048576 MINEXTENTS 1 MAXEXTENTS 2147483645
  PCTINCREASE 0 FREELISTS 1 FREELIST GROUPS 1
  BUFFER_POOL DEFAULT FLASH_CACHE DEFAULT CELL_FLASH_CACHE DEFAULT)
  TABLESPACE "EXAMPLE"  ENABLE;
--------------------------------------------------------
--  Constraints for Table DEVICES
--------------------------------------------------------

  ALTER TABLE "UHF"."DEVICES" MODIFY ("TITLE" NOT NULL ENABLE);
  ALTER TABLE "UHF"."DEVICES" MODIFY ("CREATED_AT" NOT NULL ENABLE);
  ALTER TABLE "UHF"."DEVICES" ADD CONSTRAINT "DEVICES_PK" PRIMARY KEY ("ID")
  USING INDEX PCTFREE 10 INITRANS 2 MAXTRANS 255 COMPUTE STATISTICS NOLOGGING 
  STORAGE(INITIAL 65536 NEXT 1048576 MINEXTENTS 1 MAXEXTENTS 2147483645
  PCTINCREASE 0 FREELISTS 1 FREELIST GROUPS 1
  BUFFER_POOL DEFAULT FLASH_CACHE DEFAULT CELL_FLASH_CACHE DEFAULT)
  TABLESPACE "EXAMPLE"  ENABLE;
--------------------------------------------------------
--  Constraints for Table EDUCATION
--------------------------------------------------------

  ALTER TABLE "UHF"."EDUCATION" MODIFY ("TITLE" NOT NULL ENABLE);
  ALTER TABLE "UHF"."EDUCATION" MODIFY ("STATUS" NOT NULL ENABLE);
  ALTER TABLE "UHF"."EDUCATION" MODIFY ("CREATED_AT" NOT NULL ENABLE);
  ALTER TABLE "UHF"."EDUCATION" MODIFY ("ID" NOT NULL ENABLE);
  ALTER TABLE "UHF"."EDUCATION" ADD CONSTRAINT "EDUCATION_PK" PRIMARY KEY ("ID")
  USING INDEX PCTFREE 10 INITRANS 2 MAXTRANS 255 COMPUTE STATISTICS NOLOGGING 
  STORAGE(INITIAL 65536 NEXT 1048576 MINEXTENTS 1 MAXEXTENTS 2147483645
  PCTINCREASE 0 FREELISTS 1 FREELIST GROUPS 1
  BUFFER_POOL DEFAULT FLASH_CACHE DEFAULT CELL_FLASH_CACHE DEFAULT)
  TABLESPACE "EXAMPLE"  ENABLE;
--------------------------------------------------------
--  Constraints for Table JOB_ACCESSORIES
--------------------------------------------------------

  ALTER TABLE "UHF"."JOB_ACCESSORIES" MODIFY ("ID" NOT NULL ENABLE);
  ALTER TABLE "UHF"."JOB_ACCESSORIES" MODIFY ("JOB_ID" NOT NULL ENABLE);
  ALTER TABLE "UHF"."JOB_ACCESSORIES" ADD CONSTRAINT "JOB_ACCESSORIES_PK" PRIMARY KEY ("ID")
  USING INDEX PCTFREE 10 INITRANS 2 MAXTRANS 255 COMPUTE STATISTICS NOLOGGING 
  STORAGE(INITIAL 65536 NEXT 1048576 MINEXTENTS 1 MAXEXTENTS 2147483645
  PCTINCREASE 0 FREELISTS 1 FREELIST GROUPS 1
  BUFFER_POOL DEFAULT FLASH_CACHE DEFAULT CELL_FLASH_CACHE DEFAULT)
  TABLESPACE "EXAMPLE"  ENABLE;
--------------------------------------------------------
--  Constraints for Table JOB_CARD
--------------------------------------------------------

  ALTER TABLE "UHF"."JOB_CARD" MODIFY ("JOB_STATUS" NOT NULL ENABLE);
  ALTER TABLE "UHF"."JOB_CARD" MODIFY ("PAYMENT_STATUS" NOT NULL ENABLE);
  ALTER TABLE "UHF"."JOB_CARD" MODIFY ("ID" NOT NULL ENABLE);
  ALTER TABLE "UHF"."JOB_CARD" MODIFY ("CUSTOMER_ID" NOT NULL ENABLE);
  ALTER TABLE "UHF"."JOB_CARD" MODIFY ("DEALER_ID" NOT NULL ENABLE);
  ALTER TABLE "UHF"."JOB_CARD" MODIFY ("KM_READING" NOT NULL ENABLE);
  ALTER TABLE "UHF"."JOB_CARD" MODIFY ("OPENING_DATE" NOT NULL ENABLE);
  ALTER TABLE "UHF"."JOB_CARD" ADD CONSTRAINT "JOB_CARD_PK" PRIMARY KEY ("ID")
  USING INDEX PCTFREE 10 INITRANS 2 MAXTRANS 255 COMPUTE STATISTICS NOLOGGING 
  STORAGE(INITIAL 65536 NEXT 1048576 MINEXTENTS 1 MAXEXTENTS 2147483645
  PCTINCREASE 0 FREELISTS 1 FREELIST GROUPS 1
  BUFFER_POOL DEFAULT FLASH_CACHE DEFAULT CELL_FLASH_CACHE DEFAULT)
  TABLESPACE "EXAMPLE"  ENABLE;
  ALTER TABLE "UHF"."JOB_CARD" MODIFY ("TOTAL" NOT NULL ENABLE);
  ALTER TABLE "UHF"."JOB_CARD" MODIFY ("VISIT_TYPE_ID" NOT NULL ENABLE);
  ALTER TABLE "UHF"."JOB_CARD" MODIFY ("REF_NUMBER" NOT NULL ENABLE);
--------------------------------------------------------
--  Constraints for Table JOB_SERVICES
--------------------------------------------------------

  ALTER TABLE "UHF"."JOB_SERVICES" MODIFY ("ID" NOT NULL ENABLE);
  ALTER TABLE "UHF"."JOB_SERVICES" MODIFY ("JOB_ID" NOT NULL ENABLE);
  ALTER TABLE "UHF"."JOB_SERVICES" MODIFY ("SERVICE_NAME" NOT NULL ENABLE);
  ALTER TABLE "UHF"."JOB_SERVICES" ADD CONSTRAINT "JOB_SERVICES_PK" PRIMARY KEY ("ID")
  USING INDEX PCTFREE 10 INITRANS 2 MAXTRANS 255 COMPUTE STATISTICS NOLOGGING 
  STORAGE(INITIAL 65536 NEXT 1048576 MINEXTENTS 1 MAXEXTENTS 2147483645
  PCTINCREASE 0 FREELISTS 1 FREELIST GROUPS 1
  BUFFER_POOL DEFAULT FLASH_CACHE DEFAULT CELL_FLASH_CACHE DEFAULT)
  TABLESPACE "EXAMPLE"  ENABLE;
--------------------------------------------------------
--  Constraints for Table JOB_STAFF_ASSIGNED
--------------------------------------------------------

  ALTER TABLE "UHF"."JOB_STAFF_ASSIGNED" MODIFY ("ID" NOT NULL ENABLE);
  ALTER TABLE "UHF"."JOB_STAFF_ASSIGNED" MODIFY ("JOB_ID" NOT NULL ENABLE);
  ALTER TABLE "UHF"."JOB_STAFF_ASSIGNED" MODIFY ("STAFF_ID" NOT NULL ENABLE);
  ALTER TABLE "UHF"."JOB_STAFF_ASSIGNED" MODIFY ("CREATED_AT" NOT NULL ENABLE);
  ALTER TABLE "UHF"."JOB_STAFF_ASSIGNED" ADD CONSTRAINT "JOB_STAFF_ASSIGNED_PK" PRIMARY KEY ("ID")
  USING INDEX PCTFREE 10 INITRANS 2 MAXTRANS 255 COMPUTE STATISTICS NOLOGGING 
  STORAGE(INITIAL 65536 NEXT 1048576 MINEXTENTS 1 MAXEXTENTS 2147483645
  PCTINCREASE 0 FREELISTS 1 FREELIST GROUPS 1
  BUFFER_POOL DEFAULT FLASH_CACHE DEFAULT CELL_FLASH_CACHE DEFAULT)
  TABLESPACE "EXAMPLE"  ENABLE;
--------------------------------------------------------
--  Constraints for Table JOB_VISIT
--------------------------------------------------------

  ALTER TABLE "UHF"."JOB_VISIT" MODIFY ("ID" NOT NULL ENABLE);
  ALTER TABLE "UHF"."JOB_VISIT" MODIFY ("CUSTOMER_VEHICLE_ID" NOT NULL ENABLE);
  ALTER TABLE "UHF"."JOB_VISIT" MODIFY ("VISIT_TYPE_ID" NOT NULL ENABLE);
  ALTER TABLE "UHF"."JOB_VISIT" MODIFY ("CREATED_AT" NOT NULL ENABLE);
  ALTER TABLE "UHF"."JOB_VISIT" ADD CONSTRAINT "JOB_VISIT_PK" PRIMARY KEY ("ID")
  USING INDEX PCTFREE 10 INITRANS 2 MAXTRANS 255 COMPUTE STATISTICS NOLOGGING 
  STORAGE(INITIAL 65536 NEXT 1048576 MINEXTENTS 1 MAXEXTENTS 2147483645
  PCTINCREASE 0 FREELISTS 1 FREELIST GROUPS 1
  BUFFER_POOL DEFAULT FLASH_CACHE DEFAULT CELL_FLASH_CACHE DEFAULT)
  TABLESPACE "EXAMPLE"  ENABLE;
--------------------------------------------------------
--  Constraints for Table MISCELLANEOUSTOOLS
--------------------------------------------------------

  ALTER TABLE "UHF"."MISCELLANEOUSTOOLS" MODIFY ("ID" NOT NULL ENABLE);
  ALTER TABLE "UHF"."MISCELLANEOUSTOOLS" MODIFY ("TITLE" NOT NULL ENABLE);
  ALTER TABLE "UHF"."MISCELLANEOUSTOOLS" MODIFY ("CREATED_AT" NOT NULL ENABLE);
  ALTER TABLE "UHF"."MISCELLANEOUSTOOLS" ADD CONSTRAINT "MISCELLANEOUSTOOLS_PK" PRIMARY KEY ("ID")
  USING INDEX PCTFREE 10 INITRANS 2 MAXTRANS 255 COMPUTE STATISTICS NOLOGGING 
  STORAGE(INITIAL 65536 NEXT 1048576 MINEXTENTS 1 MAXEXTENTS 2147483645
  PCTINCREASE 0 FREELISTS 1 FREELIST GROUPS 1
  BUFFER_POOL DEFAULT FLASH_CACHE DEFAULT CELL_FLASH_CACHE DEFAULT)
  TABLESPACE "EXAMPLE"  ENABLE;
--------------------------------------------------------
--  Constraints for Table MODEL
--------------------------------------------------------

  ALTER TABLE "UHF"."MODEL" MODIFY ("ID" NOT NULL ENABLE);
  ALTER TABLE "UHF"."MODEL" MODIFY ("TITLE" NOT NULL ENABLE);
  ALTER TABLE "UHF"."MODEL" MODIFY ("CREATED_AT" NOT NULL ENABLE);
  ALTER TABLE "UHF"."MODEL" ADD CONSTRAINT "MODEL_PK" PRIMARY KEY ("ID")
  USING INDEX PCTFREE 10 INITRANS 2 MAXTRANS 255 COMPUTE STATISTICS NOLOGGING 
  STORAGE(INITIAL 65536 NEXT 1048576 MINEXTENTS 1 MAXEXTENTS 2147483645
  PCTINCREASE 0 FREELISTS 1 FREELIST GROUPS 1
  BUFFER_POOL DEFAULT FLASH_CACHE DEFAULT CELL_FLASH_CACHE DEFAULT)
  TABLESPACE "EXAMPLE"  ENABLE;
--------------------------------------------------------
--  Constraints for Table SERVICES
--------------------------------------------------------

  ALTER TABLE "UHF"."SERVICES" MODIFY ("ID" NOT NULL ENABLE);
  ALTER TABLE "UHF"."SERVICES" MODIFY ("TITLE" NOT NULL ENABLE);
  ALTER TABLE "UHF"."SERVICES" MODIFY ("CREATED_AT" NOT NULL ENABLE);
  ALTER TABLE "UHF"."SERVICES" ADD CONSTRAINT "SERVICES_PK" PRIMARY KEY ("ID")
  USING INDEX PCTFREE 10 INITRANS 2 MAXTRANS 255 COMPUTE STATISTICS NOLOGGING 
  STORAGE(INITIAL 65536 NEXT 1048576 MINEXTENTS 1 MAXEXTENTS 2147483645
  PCTINCREASE 0 FREELISTS 1 FREELIST GROUPS 1
  BUFFER_POOL DEFAULT FLASH_CACHE DEFAULT CELL_FLASH_CACHE DEFAULT)
  TABLESPACE "EXAMPLE"  ENABLE;
--------------------------------------------------------
--  Constraints for Table REGIONS
--------------------------------------------------------

  ALTER TABLE "UHF"."REGIONS" MODIFY ("ID" NOT NULL ENABLE);
  ALTER TABLE "UHF"."REGIONS" MODIFY ("TITLE" NOT NULL ENABLE);
  ALTER TABLE "UHF"."REGIONS" MODIFY ("CODE" NOT NULL ENABLE);
  ALTER TABLE "UHF"."REGIONS" MODIFY ("CREATED_AT" NOT NULL ENABLE);
  ALTER TABLE "UHF"."REGIONS" ADD CONSTRAINT "REGIONS_PK" PRIMARY KEY ("ID")
  USING INDEX PCTFREE 10 INITRANS 2 MAXTRANS 255 COMPUTE STATISTICS NOLOGGING 
  STORAGE(INITIAL 65536 NEXT 1048576 MINEXTENTS 1 MAXEXTENTS 2147483645
  PCTINCREASE 0 FREELISTS 1 FREELIST GROUPS 1
  BUFFER_POOL DEFAULT FLASH_CACHE DEFAULT CELL_FLASH_CACHE DEFAULT)
  TABLESPACE "EXAMPLE"  ENABLE;
--------------------------------------------------------
--  Constraints for Table SKILLS
--------------------------------------------------------

  ALTER TABLE "UHF"."SKILLS" MODIFY ("ID" NOT NULL ENABLE);
  ALTER TABLE "UHF"."SKILLS" MODIFY ("TITLE" NOT NULL ENABLE);
  ALTER TABLE "UHF"."SKILLS" ADD CONSTRAINT "SKILLS_PK" PRIMARY KEY ("ID")
  USING INDEX PCTFREE 10 INITRANS 2 MAXTRANS 255 COMPUTE STATISTICS NOLOGGING 
  STORAGE(INITIAL 65536 NEXT 1048576 MINEXTENTS 1 MAXEXTENTS 2147483645
  PCTINCREASE 0 FREELISTS 1 FREELIST GROUPS 1
  BUFFER_POOL DEFAULT FLASH_CACHE DEFAULT CELL_FLASH_CACHE DEFAULT)
  TABLESPACE "EXAMPLE"  ENABLE;
--------------------------------------------------------
--  Constraints for Table SPECIALTOOLS
--------------------------------------------------------

  ALTER TABLE "UHF"."SPECIALTOOLS" MODIFY ("ID" NOT NULL ENABLE);
  ALTER TABLE "UHF"."SPECIALTOOLS" MODIFY ("TITLE" NOT NULL ENABLE);
  ALTER TABLE "UHF"."SPECIALTOOLS" MODIFY ("CREATED_AT" NOT NULL ENABLE);
  ALTER TABLE "UHF"."SPECIALTOOLS" ADD CONSTRAINT "SPECIALTOOLS_PK" PRIMARY KEY ("ID")
  USING INDEX PCTFREE 10 INITRANS 2 MAXTRANS 255 COMPUTE STATISTICS NOLOGGING 
  STORAGE(INITIAL 65536 NEXT 1048576 MINEXTENTS 1 MAXEXTENTS 2147483645
  PCTINCREASE 0 FREELISTS 1 FREELIST GROUPS 1
  BUFFER_POOL DEFAULT FLASH_CACHE DEFAULT CELL_FLASH_CACHE DEFAULT)
  TABLESPACE "EXAMPLE"  ENABLE;
--------------------------------------------------------
--  Constraints for Table STAFF
--------------------------------------------------------

  ALTER TABLE "UHF"."STAFF" MODIFY ("ID" NOT NULL ENABLE);
  ALTER TABLE "UHF"."STAFF" MODIFY ("DEALER_ID" NOT NULL ENABLE);
  ALTER TABLE "UHF"."STAFF" MODIFY ("EDUCATION_ID" NOT NULL ENABLE);
  ALTER TABLE "UHF"."STAFF" MODIFY ("NAME" NOT NULL ENABLE);
  ALTER TABLE "UHF"."STAFF" MODIFY ("NIC" NOT NULL ENABLE);
  ALTER TABLE "UHF"."STAFF" MODIFY ("DESIGNATION" NOT NULL ENABLE);
  ALTER TABLE "UHF"."STAFF" MODIFY ("CONTACT" NOT NULL ENABLE);
  ALTER TABLE "UHF"."STAFF" MODIFY ("STATUS" NOT NULL ENABLE);
  ALTER TABLE "UHF"."STAFF" MODIFY ("CREATED_AT" NOT NULL ENABLE);
  ALTER TABLE "UHF"."STAFF" ADD CONSTRAINT "STAFF_PK" PRIMARY KEY ("ID")
  USING INDEX PCTFREE 10 INITRANS 2 MAXTRANS 255 COMPUTE STATISTICS NOLOGGING 
  STORAGE(INITIAL 65536 NEXT 1048576 MINEXTENTS 1 MAXEXTENTS 2147483645
  PCTINCREASE 0 FREELISTS 1 FREELIST GROUPS 1
  BUFFER_POOL DEFAULT FLASH_CACHE DEFAULT CELL_FLASH_CACHE DEFAULT)
  TABLESPACE "EXAMPLE"  ENABLE;
--------------------------------------------------------
--  Constraints for Table STAFF_EMPLOYMENT_TRACK
--------------------------------------------------------

  ALTER TABLE "UHF"."STAFF_EMPLOYMENT_TRACK" MODIFY ("ID" NOT NULL ENABLE);
  ALTER TABLE "UHF"."STAFF_EMPLOYMENT_TRACK" ADD CONSTRAINT "STAFF_EMPLOYMENT_TRACK_PK" PRIMARY KEY ("ID")
  USING INDEX PCTFREE 10 INITRANS 2 MAXTRANS 255 COMPUTE STATISTICS NOLOGGING 
  STORAGE(INITIAL 65536 NEXT 1048576 MINEXTENTS 1 MAXEXTENTS 2147483645
  PCTINCREASE 0 FREELISTS 1 FREELIST GROUPS 1
  BUFFER_POOL DEFAULT FLASH_CACHE DEFAULT CELL_FLASH_CACHE DEFAULT)
  TABLESPACE "EXAMPLE"  ENABLE;
--------------------------------------------------------
--  Constraints for Table STAFF_SKILLS
--------------------------------------------------------

  ALTER TABLE "UHF"."STAFF_SKILLS" MODIFY ("ID" NOT NULL ENABLE);
  ALTER TABLE "UHF"."STAFF_SKILLS" ADD CONSTRAINT "STAFF_SKILLS_PK" PRIMARY KEY ("ID")
  USING INDEX PCTFREE 10 INITRANS 2 MAXTRANS 255 COMPUTE STATISTICS NOLOGGING 
  STORAGE(INITIAL 65536 NEXT 1048576 MINEXTENTS 1 MAXEXTENTS 2147483645
  PCTINCREASE 0 FREELISTS 1 FREELIST GROUPS 1
  BUFFER_POOL DEFAULT FLASH_CACHE DEFAULT CELL_FLASH_CACHE DEFAULT)
  TABLESPACE "EXAMPLE"  ENABLE;
--------------------------------------------------------
--  Constraints for Table STAFF_TRAINING
--------------------------------------------------------

  ALTER TABLE "UHF"."STAFF_TRAINING" MODIFY ("ID" NOT NULL ENABLE);
  ALTER TABLE "UHF"."STAFF_TRAINING" ADD CONSTRAINT "STAFF_TRAINING_PK" PRIMARY KEY ("ID")
  USING INDEX PCTFREE 10 INITRANS 2 MAXTRANS 255 COMPUTE STATISTICS NOLOGGING 
  STORAGE(INITIAL 65536 NEXT 1048576 MINEXTENTS 1 MAXEXTENTS 2147483645
  PCTINCREASE 0 FREELISTS 1 FREELIST GROUPS 1
  BUFFER_POOL DEFAULT FLASH_CACHE DEFAULT CELL_FLASH_CACHE DEFAULT)
  TABLESPACE "EXAMPLE"  ENABLE;
--------------------------------------------------------
--  Constraints for Table TERRITORY
--------------------------------------------------------

  ALTER TABLE "UHF"."TERRITORY" MODIFY ("ID" NOT NULL ENABLE);
  ALTER TABLE "UHF"."TERRITORY" MODIFY ("TITLE" NOT NULL ENABLE);
  ALTER TABLE "UHF"."TERRITORY" MODIFY ("CODE" NOT NULL ENABLE);
  ALTER TABLE "UHF"."TERRITORY" MODIFY ("CREATED_AT" NOT NULL ENABLE);
  ALTER TABLE "UHF"."TERRITORY" ADD CONSTRAINT "TERRITORY_PK" PRIMARY KEY ("ID")
  USING INDEX PCTFREE 10 INITRANS 2 MAXTRANS 255 COMPUTE STATISTICS NOLOGGING 
  STORAGE(INITIAL 65536 NEXT 1048576 MINEXTENTS 1 MAXEXTENTS 2147483645
  PCTINCREASE 0 FREELISTS 1 FREELIST GROUPS 1
  BUFFER_POOL DEFAULT FLASH_CACHE DEFAULT CELL_FLASH_CACHE DEFAULT)
  TABLESPACE "EXAMPLE"  ENABLE;
--------------------------------------------------------
--  Constraints for Table TRAINING
--------------------------------------------------------

  ALTER TABLE "UHF"."TRAINING" MODIFY ("ID" NOT NULL ENABLE);
  ALTER TABLE "UHF"."TRAINING" MODIFY ("TITLE" NOT NULL ENABLE);
  ALTER TABLE "UHF"."TRAINING" MODIFY ("CREATED_AT" NOT NULL ENABLE);
  ALTER TABLE "UHF"."TRAINING" ADD CONSTRAINT "TRAINING_PK" PRIMARY KEY ("ID")
  USING INDEX PCTFREE 10 INITRANS 2 MAXTRANS 255 COMPUTE STATISTICS NOLOGGING 
  STORAGE(INITIAL 65536 NEXT 1048576 MINEXTENTS 1 MAXEXTENTS 2147483645
  PCTINCREASE 0 FREELISTS 1 FREELIST GROUPS 1
  BUFFER_POOL DEFAULT FLASH_CACHE DEFAULT CELL_FLASH_CACHE DEFAULT)
  TABLESPACE "EXAMPLE"  ENABLE;
--------------------------------------------------------
--  Constraints for Table USER_ROLE
--------------------------------------------------------

  ALTER TABLE "UHF"."USER_ROLE" ADD CONSTRAINT "USER_ROLE_PK" PRIMARY KEY ("ID")
  USING INDEX PCTFREE 10 INITRANS 2 MAXTRANS 255 COMPUTE STATISTICS NOLOGGING 
  STORAGE(INITIAL 65536 NEXT 1048576 MINEXTENTS 1 MAXEXTENTS 2147483645
  PCTINCREASE 0 FREELISTS 1 FREELIST GROUPS 1
  BUFFER_POOL DEFAULT FLASH_CACHE DEFAULT CELL_FLASH_CACHE DEFAULT)
  TABLESPACE "EXAMPLE"  ENABLE;
  ALTER TABLE "UHF"."USER_ROLE" MODIFY ("TITLE" NOT NULL ENABLE);
  ALTER TABLE "UHF"."USER_ROLE" MODIFY ("STATUS" NOT NULL ENABLE);
  ALTER TABLE "UHF"."USER_ROLE" MODIFY ("CREATED_AT" NOT NULL ENABLE);
--------------------------------------------------------
--  Constraints for Table USERS
--------------------------------------------------------

  ALTER TABLE "UHF"."USERS" MODIFY ("ID" NOT NULL ENABLE);
  ALTER TABLE "UHF"."USERS" ADD CONSTRAINT "USERS_PK" PRIMARY KEY ("ID")
  USING INDEX PCTFREE 10 INITRANS 2 MAXTRANS 255 COMPUTE STATISTICS NOLOGGING 
  STORAGE(INITIAL 65536 NEXT 1048576 MINEXTENTS 1 MAXEXTENTS 2147483645
  PCTINCREASE 0 FREELISTS 1 FREELIST GROUPS 1
  BUFFER_POOL DEFAULT FLASH_CACHE DEFAULT CELL_FLASH_CACHE DEFAULT)
  TABLESPACE "EXAMPLE"  ENABLE;
  ALTER TABLE "UHF"."USERS" MODIFY ("USER_NAME" NOT NULL ENABLE);
  ALTER TABLE "UHF"."USERS" MODIFY ("EMAIL" NOT NULL ENABLE);
  ALTER TABLE "UHF"."USERS" MODIFY ("STATUS" NOT NULL ENABLE);
  ALTER TABLE "UHF"."USERS" MODIFY ("CREATED_AT" NOT NULL ENABLE);
  ALTER TABLE "UHF"."USERS" MODIFY ("USER_ROLE_ID" NOT NULL ENABLE);
  ALTER TABLE "UHF"."USERS" MODIFY ("REMEMBER_TOKEN" NOT NULL ENABLE);
--------------------------------------------------------
--  Constraints for Table VISIT_TYPE
--------------------------------------------------------

  ALTER TABLE "UHF"."VISIT_TYPE" MODIFY ("ID" NOT NULL ENABLE);
  ALTER TABLE "UHF"."VISIT_TYPE" MODIFY ("SERVICE_NAME" NOT NULL ENABLE);
  ALTER TABLE "UHF"."VISIT_TYPE" MODIFY ("AVAILABLE" NOT NULL ENABLE);
  ALTER TABLE "UHF"."VISIT_TYPE" ADD CONSTRAINT "VISIT_TYPE_PK" PRIMARY KEY ("ID")
  USING INDEX PCTFREE 10 INITRANS 2 MAXTRANS 255 COMPUTE STATISTICS NOLOGGING 
  STORAGE(INITIAL 65536 NEXT 1048576 MINEXTENTS 1 MAXEXTENTS 2147483645
  PCTINCREASE 0 FREELISTS 1 FREELIST GROUPS 1
  BUFFER_POOL DEFAULT FLASH_CACHE DEFAULT CELL_FLASH_CACHE DEFAULT)
  TABLESPACE "EXAMPLE"  ENABLE;
--------------------------------------------------------
--  Constraints for Table WORKSHOP
--------------------------------------------------------

  ALTER TABLE "UHF"."WORKSHOP" MODIFY ("TITLE" NOT NULL ENABLE);
  ALTER TABLE "UHF"."WORKSHOP" MODIFY ("CREATED_AT" NOT NULL ENABLE);
  ALTER TABLE "UHF"."WORKSHOP" MODIFY ("ID" NOT NULL ENABLE);
  ALTER TABLE "UHF"."WORKSHOP" ADD CONSTRAINT "WORKSHOP_PK" PRIMARY KEY ("ID")
  USING INDEX PCTFREE 10 INITRANS 2 MAXTRANS 255 COMPUTE STATISTICS NOLOGGING 
  STORAGE(INITIAL 65536 NEXT 1048576 MINEXTENTS 1 MAXEXTENTS 2147483645
  PCTINCREASE 0 FREELISTS 1 FREELIST GROUPS 1
  BUFFER_POOL DEFAULT FLASH_CACHE DEFAULT CELL_FLASH_CACHE DEFAULT)
  TABLESPACE "EXAMPLE"  ENABLE;
--------------------------------------------------------
--  Ref Constraints for Table JOB_ACCESSORIES
--------------------------------------------------------

  ALTER TABLE "UHF"."JOB_ACCESSORIES" ADD CONSTRAINT "JOB_CARD_FK" FOREIGN KEY ("JOB_ID")
	  REFERENCES "UHF"."JOB_CARD" ("ID") DISABLE;
--------------------------------------------------------
--  Ref Constraints for Table USERS
--------------------------------------------------------

  ALTER TABLE "UHF"."USERS" ADD CONSTRAINT "ROLE_FK" FOREIGN KEY ("USER_ROLE_ID")
	  REFERENCES "UHF"."USER_ROLE" ("ID") ENABLE;
